,date_game,team_name,opposing_team,team_avg_allowed,opp_avg_allowed
0,2015-10-27,Atlanta Hawks,Detroit Pistons,,
1,2015-10-29,Atlanta Hawks,New York Knicks,106.0,97.0
2,2015-10-30,Atlanta Hawks,Charlotte Hornets,103.5,104.0
3,2015-11-01,Atlanta Hawks,Charlotte Hornets,100.33333333333333,100.5
4,2015-11-03,Atlanta Hawks,Miami Heat,98.25,95.0
5,2015-11-04,Atlanta Hawks,Brooklyn Nets,97.0,105.25
6,2015-11-06,Atlanta Hawks,New Orleans Pelicans,95.33333333333333,115.0
7,2015-11-07,Atlanta Hawks,Washington Wizards,98.14285714285714,106.8
8,2015-11-09,Atlanta Hawks,Minnesota Timberwolves,98.25,96.8
9,2015-11-11,Atlanta Hawks,New Orleans Pelicans,100.33333333333333,113.28571428571429
10,2015-11-13,Atlanta Hawks,Boston Celtics,100.1,98.0
11,2015-11-15,Atlanta Hawks,Utah Jazz,100.63636363636364,91.33333333333333
12,2015-11-17,Atlanta Hawks,Brooklyn Nets,100.33333333333333,103.6
13,2015-11-18,Atlanta Hawks,Sacramento Kings,99.53846153846153,107.9090909090909
14,2015-11-21,Atlanta Hawks,Cleveland Cavaliers,99.35714285714286,96.66666666666667
15,2015-11-24,Atlanta Hawks,Boston Celtics,100.0,97.76923076923077
16,2015-11-25,Atlanta Hawks,Minnesota Timberwolves,99.8125,102.21428571428571
17,2015-11-27,Atlanta Hawks,Memphis Grizzlies,99.76470588235294,99.4375
18,2015-11-28,Atlanta Hawks,San Antonio Spurs,99.83333333333333,89.8125
19,2015-11-30,Atlanta Hawks,Oklahoma City Thunder,100.26315789473684,102.82352941176471
20,2015-12-02,Atlanta Hawks,Toronto Raptors,100.25,96.38888888888889
21,2015-12-04,Atlanta Hawks,Los Angeles Lakers,100.04761904761905,105.72222222222223
22,2015-12-09,Atlanta Hawks,Dallas Mavericks,99.45454545454545,100.45454545454545
23,2015-12-10,Atlanta Hawks,Oklahoma City Thunder,99.26086956521739,101.61904761904762
24,2015-12-12,Atlanta Hawks,San Antonio Spurs,99.58333333333333,88.625
25,2015-12-14,Atlanta Hawks,Miami Heat,99.72,93.86363636363636
26,2015-12-16,Atlanta Hawks,Philadelphia 76ers,99.73076923076923,103.3076923076923
27,2015-12-18,Atlanta Hawks,Boston Celtics,99.96296296296296,99.15384615384616
28,2015-12-20,Atlanta Hawks,Orlando Magic,100.0,98.3076923076923
29,2015-12-21,Atlanta Hawks,Portland Trail Blazers,100.0,102.58620689655173
30,2015-12-23,Atlanta Hawks,Detroit Pistons,99.9,99.72413793103448
31,2015-12-26,Atlanta Hawks,New York Knicks,99.7,98.96666666666667
32,2015-12-28,Atlanta Hawks,Indiana Pacers,99.6,98.72413793103448
33,2015-12-29,Atlanta Hawks,Houston Rockets,99.56666666666666,104.8
34,2016-01-03,Atlanta Hawks,New York Knicks,100.33333333333333,99.23333333333333
35,2016-01-05,Atlanta Hawks,New York Knicks,100.96666666666667,99.26666666666667
36,2016-01-07,Atlanta Hawks,Philadelphia 76ers,101.63333333333334,104.6
37,2016-01-09,Atlanta Hawks,Chicago Bulls,101.06666666666666,100.36666666666666
38,2016-01-13,Atlanta Hawks,Charlotte Hornets,101.26666666666667,100.46666666666667
39,2016-01-15,Atlanta Hawks,Milwaukee Bucks,100.93333333333334,104.0
40,2016-01-16,Atlanta Hawks,Brooklyn Nets,101.26666666666667,102.5
41,2016-01-18,Atlanta Hawks,Orlando Magic,100.6,98.06666666666666
42,2016-01-20,Atlanta Hawks,Portland Trail Blazers,100.06666666666666,102.96666666666667
43,2016-01-21,Atlanta Hawks,Sacramento Kings,100.33333333333333,107.9
44,2016-01-23,Atlanta Hawks,Phoenix Suns,100.13333333333334,109.03333333333333
45,2016-01-25,Atlanta Hawks,Denver Nuggets,99.76666666666667,102.76666666666667
46,2016-01-27,Atlanta Hawks,Los Angeles Clippers,100.03333333333333,99.7
47,2016-01-28,Atlanta Hawks,Indiana Pacers,99.56666666666666,102.4
48,2016-01-31,Atlanta Hawks,Miami Heat,99.9,97.5
49,2016-02-01,Atlanta Hawks,Dallas Mavericks,99.8,101.03333333333333
50,2016-02-03,Atlanta Hawks,Philadelphia 76ers,99.7,106.4
51,2016-02-05,Atlanta Hawks,Indiana Pacers,99.36666666666666,101.36666666666666
52,2016-02-07,Atlanta Hawks,Orlando Magic,99.66666666666667,101.8
53,2016-02-08,Atlanta Hawks,Orlando Magic,99.7,101.5
54,2016-02-10,Atlanta Hawks,Chicago Bulls,100.03333333333333,104.6
55,2016-02-19,Atlanta Hawks,Miami Heat,99.6,98.43333333333334
56,2016-02-20,Atlanta Hawks,Milwaukee Bucks,100.1,104.1
57,2016-02-22,Atlanta Hawks,Golden State Warriors,100.46666666666667,105.2
58,2016-02-26,Atlanta Hawks,Chicago Bulls,100.5,104.73333333333333
59,2016-02-28,Atlanta Hawks,Charlotte Hornets,100.1,102.43333333333334
60,2016-03-01,Atlanta Hawks,Golden State Warriors,99.4,106.13333333333334
61,2016-03-04,Atlanta Hawks,Los Angeles Lakers,99.7,107.1
62,2016-03-05,Atlanta Hawks,Los Angeles Clippers,99.0,99.8
63,2016-03-08,Atlanta Hawks,Utah Jazz,99.13333333333334,97.43333333333334
64,2016-03-10,Atlanta Hawks,Toronto Raptors,98.1,100.2
65,2016-03-12,Atlanta Hawks,Memphis Grizzlies,97.86666666666666,101.0
66,2016-03-13,Atlanta Hawks,Indiana Pacers,97.06666666666666,102.93333333333334
67,2016-03-16,Atlanta Hawks,Detroit Pistons,96.3,104.03333333333333
68,2016-03-17,Atlanta Hawks,Denver Nuggets,96.6,107.03333333333333
69,2016-03-19,Atlanta Hawks,Houston Rockets,96.3,109.4
70,2016-03-21,Atlanta Hawks,Washington Wizards,95.93333333333334,103.76666666666667
71,2016-03-23,Atlanta Hawks,Washington Wizards,96.96666666666667,103.56666666666666
72,2016-03-25,Atlanta Hawks,Milwaukee Bucks,97.63333333333334,101.6
73,2016-03-26,Atlanta Hawks,Detroit Pistons,97.36666666666666,103.36666666666666
74,2016-03-28,Atlanta Hawks,Chicago Bulls,97.5,105.6
75,2016-03-30,Atlanta Hawks,Toronto Raptors,97.56666666666666,101.0
76,2015-10-28,Boston Celtics,Philadelphia 76ers,,
77,2015-10-30,Boston Celtics,Toronto Raptors,95.0,99.0
78,2015-11-01,Boston Celtics,San Antonio Spurs,104.0,93.5
79,2015-11-04,Boston Celtics,Indiana Pacers,101.0,99.25
80,2015-11-06,Boston Celtics,Washington Wizards,100.75,104.0
81,2015-11-10,Boston Celtics,Milwaukee Bucks,100.2,101.0
82,2015-11-11,Boston Celtics,Indiana Pacers,97.33333333333333,95.875
84,2015-11-15,Boston Celtics,Oklahoma City Thunder,97.375,104.55555555555556
85,2015-11-16,Boston Celtics,Houston Rockets,96.0,108.3
86,2015-11-18,Boston Celtics,Dallas Mavericks,95.9,99.45454545454545
87,2015-11-20,Boston Celtics,Brooklyn Nets,96.81818181818181,103.33333333333333
88,2015-11-22,Boston Celtics,Brooklyn Nets,96.66666666666667,104.61538461538461
90,2015-11-25,Boston Celtics,Philadelphia 76ers,99.42857142857143,103.93333333333334
91,2015-11-27,Boston Celtics,Washington Wizards,98.13333333333334,106.41666666666667
92,2015-11-29,Boston Celtics,Orlando Magic,96.875,100.5625
93,2015-11-30,Boston Celtics,Miami Heat,97.6470588235294,91.66666666666667
94,2015-12-03,Boston Celtics,Sacramento Kings,97.5,108.47368421052632
95,2015-12-05,Boston Celtics,San Antonio Spurs,97.47368421052632,88.5
96,2015-12-07,Boston Celtics,New Orleans Pelicans,98.0,109.0
97,2015-12-09,Boston Celtics,Chicago Bulls,97.76190476190476,98.27777777777777
98,2015-12-11,Boston Celtics,Golden State Warriors,97.86363636363636,101.21739130434783
99,2015-12-12,Boston Celtics,Charlotte Hornets,99.0,97.95454545454545
100,2015-12-15,Boston Celtics,Cleveland Cavaliers,98.75,96.68181818181819
101,2015-12-16,Boston Celtics,Detroit Pistons,98.36,97.6923076923077
103,2015-12-21,Boston Celtics,Minnesota Timberwolves,99.51851851851852,102.92592592592592
104,2015-12-23,Boston Celtics,Charlotte Hornets,99.5,99.11111111111111
105,2015-12-26,Boston Celtics,Detroit Pistons,99.13793103448276,99.96666666666667
106,2015-12-27,Boston Celtics,New York Knicks,98.93333333333334,99.63333333333334
107,2015-12-30,Boston Celtics,Los Angeles Lakers,98.8,106.36666666666666
108,2016-01-02,Boston Celtics,Brooklyn Nets,98.76666666666667,103.03333333333333
109,2016-01-04,Boston Celtics,Brooklyn Nets,98.93333333333334,102.9
110,2016-01-06,Boston Celtics,Detroit Pistons,98.73333333333333,100.6
111,2016-01-07,Boston Celtics,Chicago Bulls,98.76666666666667,100.2
112,2016-01-10,Boston Celtics,Memphis Grizzlies,99.36666666666666,97.96666666666667
113,2016-01-12,Boston Celtics,New York Knicks,99.33333333333333,98.63333333333334
114,2016-01-13,Boston Celtics,Indiana Pacers,100.23333333333333,98.86666666666666
115,2016-01-15,Boston Celtics,Phoenix Suns,100.53333333333333,108.43333333333334
116,2016-01-16,Boston Celtics,Washington Wizards,100.8,102.33333333333333
117,2016-01-18,Boston Celtics,Dallas Mavericks,101.16666666666667,101.3
118,2016-01-20,Boston Celtics,Toronto Raptors,101.93333333333334,96.83333333333333
119,2016-01-22,Boston Celtics,Chicago Bulls,102.06666666666666,102.13333333333334
120,2016-01-24,Boston Celtics,Philadelphia 76ers,101.4,105.03333333333333
121,2016-01-25,Boston Celtics,Washington Wizards,101.8,102.66666666666667
122,2016-01-27,Boston Celtics,Denver Nuggets,102.23333333333333,103.03333333333333
123,2016-01-29,Boston Celtics,Orlando Magic,102.0,98.5
124,2016-01-31,Boston Celtics,Orlando Magic,101.96666666666667,99.23333333333333
125,2016-02-02,Boston Celtics,New York Knicks,102.7,103.5
126,2016-02-03,Boston Celtics,Detroit Pistons,102.06666666666666,102.2
127,2016-02-05,Boston Celtics,Cleveland Cavaliers,102.13333333333334,96.8
128,2016-02-07,Boston Celtics,Sacramento Kings,102.23333333333333,108.3
129,2016-02-09,Boston Celtics,Milwaukee Bucks,102.06666666666666,103.86666666666666
130,2016-02-10,Boston Celtics,Los Angeles Clippers,102.7,98.83333333333333
131,2016-02-19,Boston Celtics,Utah Jazz,104.2,95.86666666666666
132,2016-02-21,Boston Celtics,Denver Nuggets,103.93333333333334,104.53333333333333
133,2016-02-22,Boston Celtics,Minnesota Timberwolves,103.66666666666667,104.6
134,2016-02-25,Boston Celtics,Milwaukee Bucks,104.5,103.9
135,2016-02-27,Boston Celtics,Miami Heat,105.1,98.7
136,2016-02-29,Boston Celtics,Utah Jazz,104.96666666666667,96.63333333333334
137,2016-03-02,Boston Celtics,Portland Trail Blazers,105.1,100.96666666666667
138,2016-03-04,Boston Celtics,New York Knicks,104.46666666666667,103.9
139,2016-03-05,Boston Celtics,Cleveland Cavaliers,104.6,98.86666666666666
140,2016-03-09,Boston Celtics,Memphis Grizzlies,105.46666666666667,99.4
141,2016-03-11,Boston Celtics,Houston Rockets,105.36666666666666,108.16666666666667
142,2016-03-15,Boston Celtics,Indiana Pacers,105.4,103.53333333333333
143,2016-03-16,Boston Celtics,Oklahoma City Thunder,105.46666666666667,105.43333333333334
144,2016-03-18,Boston Celtics,Toronto Raptors,105.8,100.06666666666666
145,2016-03-20,Boston Celtics,Philadelphia 76ers,106.16666666666667,110.63333333333334
146,2016-03-21,Boston Celtics,Orlando Magic,106.23333333333333,108.56666666666666
147,2016-03-23,Boston Celtics,Toronto Raptors,105.53333333333333,100.33333333333333
148,2016-03-26,Boston Celtics,Phoenix Suns,104.23333333333333,108.83333333333333
149,2016-03-28,Boston Celtics,Los Angeles Clippers,103.7,100.46666666666667
150,2016-03-31,Boston Celtics,Portland Trail Blazers,104.13333333333334,105.4
151,2015-10-28,Brooklyn Nets,Chicago Bulls,,95.0
152,2015-10-30,Brooklyn Nets,San Antonio Spurs,115.0,112.0
153,2015-10-31,Brooklyn Nets,Memphis Grizzlies,108.5,104.5
154,2015-11-02,Brooklyn Nets,Milwaukee Bucks,106.0,115.33333333333333
156,2015-11-06,Brooklyn Nets,Los Angeles Lakers,104.4,116.75
157,2015-11-07,Brooklyn Nets,Milwaukee Bucks,104.33333333333333,103.5
158,2015-11-11,Brooklyn Nets,Houston Rockets,102.85714285714286,108.57142857142857
159,2015-11-13,Brooklyn Nets,Sacramento Kings,102.25,108.55555555555556
160,2015-11-14,Brooklyn Nets,Golden State Warriors,103.22222222222223,97.7
162,2015-11-18,Brooklyn Nets,Charlotte Hornets,102.18181818181819,99.45454545454545
165,2015-11-25,Brooklyn Nets,Oklahoma City Thunder,104.35714285714286,104.13333333333334
166,2015-11-28,Brooklyn Nets,Cleveland Cavaliers,104.73333333333333,97.0625
167,2015-11-29,Brooklyn Nets,Detroit Pistons,103.8125,96.6875
168,2015-12-01,Brooklyn Nets,Phoenix Suns,102.58823529411765,105.23529411764706
169,2015-12-04,Brooklyn Nets,New York Knicks,101.94444444444444,98.15789473684211
170,2015-12-06,Brooklyn Nets,Golden State Warriors,102.26315789473684,100.33333333333333
171,2015-12-08,Brooklyn Nets,Houston Rockets,102.85,107.28571428571429
172,2015-12-10,Brooklyn Nets,Philadelphia 76ers,102.95238095238095,103.0909090909091
173,2015-12-12,Brooklyn Nets,Los Angeles Clippers,102.4090909090909,100.82608695652173
174,2015-12-14,Brooklyn Nets,Orlando Magic,102.52173913043478,99.21739130434783
175,2015-12-16,Brooklyn Nets,Miami Heat,102.625,93.6086956521739
176,2015-12-18,Brooklyn Nets,Indiana Pacers,102.68,98.66666666666667
177,2015-12-20,Brooklyn Nets,Minnesota Timberwolves,102.73076923076923,103.61538461538461
178,2015-12-21,Brooklyn Nets,Chicago Bulls,102.62962962962963,99.32
179,2015-12-23,Brooklyn Nets,Dallas Mavericks,102.60714285714286,100.5
180,2015-12-26,Brooklyn Nets,Washington Wizards,103.17241379310344,104.96296296296296
181,2015-12-28,Brooklyn Nets,Miami Heat,103.43333333333334,94.82758620689656
182,2015-12-30,Brooklyn Nets,Orlando Magic,103.1,98.93333333333334
185,2016-01-06,Brooklyn Nets,Toronto Raptors,102.9,98.1
186,2016-01-08,Brooklyn Nets,Orlando Magic,102.56666666666666,98.23333333333333
187,2016-01-09,Brooklyn Nets,Detroit Pistons,101.86666666666666,100.3
188,2016-01-11,Brooklyn Nets,San Antonio Spurs,102.16666666666667,88.86666666666666
189,2016-01-13,Brooklyn Nets,New York Knicks,102.43333333333334,99.43333333333334
190,2016-01-15,Brooklyn Nets,Portland Trail Blazers,102.2,102.16666666666667
192,2016-01-18,Brooklyn Nets,Toronto Raptors,103.36666666666666,97.06666666666666
193,2016-01-20,Brooklyn Nets,Cleveland Cavaliers,103.23333333333333,96.56666666666666
194,2016-01-22,Brooklyn Nets,Utah Jazz,102.26666666666667,99.83333333333333
195,2016-01-24,Brooklyn Nets,Oklahoma City Thunder,102.5,98.03333333333333
196,2016-01-26,Brooklyn Nets,Miami Heat,102.36666666666666,97.46666666666667
197,2016-01-29,Brooklyn Nets,Dallas Mavericks,102.76666666666667,102.86666666666666
198,2016-01-30,Brooklyn Nets,New Orleans Pelicans,103.03333333333333,103.0
199,2016-02-01,Brooklyn Nets,Detroit Pistons,103.5,102.93333333333334
200,2016-02-03,Brooklyn Nets,Indiana Pacers,103.4,102.1
201,2016-02-05,Brooklyn Nets,Sacramento Kings,103.4,107.83333333333333
202,2016-02-06,Brooklyn Nets,Philadelphia 76ers,103.86666666666666,107.73333333333333
203,2016-02-08,Brooklyn Nets,Denver Nuggets,104.26666666666667,104.63333333333334
204,2016-02-10,Brooklyn Nets,Memphis Grizzlies,104.23333333333333,98.13333333333334
205,2016-02-19,Brooklyn Nets,New York Knicks,104.36666666666666,103.03333333333333
206,2016-02-21,Brooklyn Nets,Charlotte Hornets,104.16666666666667,102.6
207,2016-02-23,Brooklyn Nets,Portland Trail Blazers,104.16666666666667,102.3
208,2016-02-25,Brooklyn Nets,Phoenix Suns,104.56666666666666,108.86666666666666
209,2016-02-27,Brooklyn Nets,Utah Jazz,104.7,97.0
210,2016-02-29,Brooklyn Nets,Los Angeles Clippers,103.93333333333334,99.5
211,2016-03-01,Brooklyn Nets,Los Angeles Lakers,103.73333333333333,107.16666666666667
212,2016-03-04,Brooklyn Nets,Denver Nuggets,103.8,104.23333333333333
213,2016-03-05,Brooklyn Nets,Minnesota Timberwolves,104.46666666666667,108.1
214,2016-03-08,Brooklyn Nets,Toronto Raptors,105.63333333333334,100.36666666666666
215,2016-03-11,Brooklyn Nets,Philadelphia 76ers,105.66666666666667,110.66666666666667
216,2016-03-13,Brooklyn Nets,Milwaukee Bucks,105.8,102.53333333333333
217,2016-03-15,Brooklyn Nets,Philadelphia 76ers,106.66666666666667,110.36666666666666
218,2016-03-17,Brooklyn Nets,Chicago Bulls,107.03333333333333,106.1
219,2016-03-19,Brooklyn Nets,Detroit Pistons,107.43333333333334,104.5
220,2016-03-22,Brooklyn Nets,Charlotte Hornets,107.8,101.4
221,2016-03-24,Brooklyn Nets,Cleveland Cavaliers,107.43333333333334,100.76666666666667
222,2016-03-26,Brooklyn Nets,Indiana Pacers,106.8,100.83333333333333
223,2016-03-28,Brooklyn Nets,Miami Heat,106.73333333333333,101.93333333333334
224,2016-03-29,Brooklyn Nets,Orlando Magic,107.36666666666666,108.56666666666666
225,2016-03-31,Brooklyn Nets,Cleveland Cavaliers,108.4,101.0
226,2015-10-28,Charlotte Hornets,Miami Heat,,
229,2015-11-03,Charlotte Hornets,Chicago Bulls,98.33333333333333,95.0
230,2015-11-05,Charlotte Hornets,Dallas Mavericks,100.0,98.5
231,2015-11-07,Charlotte Hornets,San Antonio Spurs,98.8,92.0
232,2015-11-10,Charlotte Hornets,Minnesota Timberwolves,101.33333333333333,98.5
233,2015-11-11,Charlotte Hornets,New York Knicks,100.42857142857143,101.5
234,2015-11-13,Charlotte Hornets,Chicago Bulls,99.5,99.75
235,2015-11-15,Charlotte Hornets,Portland Trail Blazers,99.77777777777777,103.6
236,2015-11-17,Charlotte Hornets,New York Knicks,99.2,98.54545454545455
238,2015-11-20,Charlotte Hornets,Philadelphia 76ers,100.41666666666667,104.16666666666667
239,2015-11-23,Charlotte Hornets,Sacramento Kings,99.46153846153847,106.92857142857143
240,2015-11-25,Charlotte Hornets,Washington Wizards,101.07142857142857,106.9090909090909
241,2015-11-27,Charlotte Hornets,Cleveland Cavaliers,100.13333333333334,97.53333333333333
242,2015-11-29,Charlotte Hornets,Milwaukee Bucks,99.8125,106.125
243,2015-12-02,Charlotte Hornets,Golden State Warriors,98.76470588235294,99.94736842105263
244,2015-12-05,Charlotte Hornets,Chicago Bulls,99.72222222222223,97.75
245,2015-12-07,Charlotte Hornets,Detroit Pistons,99.52631578947368,97.47619047619048
246,2015-12-09,Charlotte Hornets,Miami Heat,98.75,93.3157894736842
247,2015-12-11,Charlotte Hornets,Memphis Grizzlies,97.9047619047619,100.34782608695652
249,2015-12-16,Charlotte Hornets,Orlando Magic,97.95652173913044,98.5
250,2015-12-17,Charlotte Hornets,Toronto Raptors,98.58333333333333,95.8076923076923
251,2015-12-19,Charlotte Hornets,Washington Wizards,98.6,105.95833333333333
252,2015-12-21,Charlotte Hornets,Houston Rockets,99.0,106.0
254,2015-12-26,Charlotte Hornets,Memphis Grizzlies,99.21428571428571,99.63333333333334
255,2015-12-28,Charlotte Hornets,Los Angeles Lakers,98.96551724137932,107.16666666666667
256,2015-12-30,Charlotte Hornets,Los Angeles Clippers,98.93333333333334,100.7
257,2016-01-01,Charlotte Hornets,Toronto Raptors,99.53333333333333,96.43333333333334
258,2016-01-02,Charlotte Hornets,Oklahoma City Thunder,99.76666666666667,99.43333333333334
259,2016-01-04,Charlotte Hornets,Golden State Warriors,100.26666666666667,102.2
260,2016-01-06,Charlotte Hornets,Phoenix Suns,100.46666666666667,107.26666666666667
261,2016-01-09,Charlotte Hornets,Los Angeles Clippers,101.03333333333333,99.93333333333334
262,2016-01-10,Charlotte Hornets,Denver Nuggets,100.46666666666667,102.93333333333334
264,2016-01-15,Charlotte Hornets,New Orleans Pelicans,100.16666666666667,103.6
265,2016-01-16,Charlotte Hornets,Milwaukee Bucks,100.4,103.53333333333333
266,2016-01-18,Charlotte Hornets,Utah Jazz,100.76666666666667,98.13333333333334
267,2016-01-20,Charlotte Hornets,Oklahoma City Thunder,101.33333333333333,98.1
268,2016-01-22,Charlotte Hornets,Orlando Magic,101.26666666666667,97.83333333333333
269,2016-01-23,Charlotte Hornets,New York Knicks,102.2,102.26666666666667
270,2016-01-25,Charlotte Hornets,Sacramento Kings,100.93333333333334,106.76666666666667
271,2016-01-27,Charlotte Hornets,Utah Jazz,102.3,99.13333333333334
272,2016-01-29,Charlotte Hornets,Portland Trail Blazers,102.53333333333333,103.7
273,2016-01-31,Charlotte Hornets,Los Angeles Lakers,103.43333333333334,106.9
274,2016-02-03,Charlotte Hornets,Cleveland Cavaliers,102.3,96.5
275,2016-02-05,Charlotte Hornets,Miami Heat,102.33333333333333,97.33333333333333
276,2016-02-06,Charlotte Hornets,Washington Wizards,102.8,105.73333333333333
277,2016-02-08,Charlotte Hornets,Chicago Bulls,103.56666666666666,104.13333333333334
278,2016-02-10,Charlotte Hornets,Indiana Pacers,103.3,100.06666666666666
279,2016-02-19,Charlotte Hornets,Milwaukee Bucks,103.2,104.0
281,2016-02-24,Charlotte Hornets,Cleveland Cavaliers,102.5,97.8
282,2016-02-26,Charlotte Hornets,Indiana Pacers,102.66666666666667,101.83333333333333
284,2016-03-01,Charlotte Hornets,Phoenix Suns,101.93333333333334,109.96666666666667
285,2016-03-02,Charlotte Hornets,Philadelphia 76ers,101.93333333333334,109.5
286,2016-03-04,Charlotte Hornets,Indiana Pacers,101.96666666666667,102.53333333333333
287,2016-03-07,Charlotte Hornets,Minnesota Timberwolves,101.26666666666667,108.2
288,2016-03-09,Charlotte Hornets,New Orleans Pelicans,101.23333333333333,104.3
289,2016-03-11,Charlotte Hornets,Detroit Pistons,101.36666666666666,101.33333333333333
290,2016-03-12,Charlotte Hornets,Houston Rockets,101.1,107.4
291,2016-03-14,Charlotte Hornets,Dallas Mavericks,101.03333333333333,104.8
292,2016-03-16,Charlotte Hornets,Orlando Magic,101.36666666666666,107.46666666666667
293,2016-03-17,Charlotte Hornets,Miami Heat,101.5,101.33333333333333
294,2016-03-19,Charlotte Hornets,Denver Nuggets,102.23333333333333,107.23333333333333
295,2016-03-21,Charlotte Hornets,San Antonio Spurs,101.96666666666667,96.03333333333333
297,2016-03-25,Charlotte Hornets,Detroit Pistons,100.76666666666667,103.7
298,2016-03-26,Charlotte Hornets,Milwaukee Bucks,100.86666666666666,101.9
299,2016-03-29,Charlotte Hornets,Philadelphia 76ers,100.03333333333333,111.8
300,2015-10-27,Chicago Bulls,Cleveland Cavaliers,,
302,2015-10-30,Chicago Bulls,Detroit Pistons,97.5,90.5
303,2015-11-01,Chicago Bulls,Orlando Magic,97.66666666666667,113.5
305,2015-11-05,Chicago Bulls,Oklahoma City Thunder,102.0,109.6
306,2015-11-07,Chicago Bulls,Minnesota Timberwolves,101.33333333333333,97.75
307,2015-11-09,Chicago Bulls,Philadelphia 76ers,101.42857142857143,103.66666666666667
309,2015-11-16,Chicago Bulls,Indiana Pacers,99.44444444444444,96.1
310,2015-11-18,Chicago Bulls,Phoenix Suns,99.0,100.2
311,2015-11-20,Chicago Bulls,Golden State Warriors,98.81818181818181,100.23076923076923
312,2015-11-24,Chicago Bulls,Portland Trail Blazers,99.41666666666667,101.8
313,2015-11-27,Chicago Bulls,Indiana Pacers,98.53846153846153,95.28571428571429
314,2015-11-30,Chicago Bulls,San Antonio Spurs,98.92857142857143,89.70588235294117
315,2015-12-02,Chicago Bulls,Denver Nuggets,98.26666666666667,103.05555555555556
317,2015-12-07,Chicago Bulls,Phoenix Suns,98.0,105.42857142857143
319,2015-12-10,Chicago Bulls,Los Angeles Clippers,98.63157894736842,101.63636363636364
320,2015-12-12,Chicago Bulls,New Orleans Pelicans,97.7,108.9090909090909
321,2015-12-14,Chicago Bulls,Philadelphia 76ers,97.52380952380952,102.84
322,2015-12-16,Chicago Bulls,Memphis Grizzlies,97.45454545454545,101.0
323,2015-12-18,Chicago Bulls,Detroit Pistons,96.91304347826087,98.37037037037037
324,2015-12-19,Chicago Bulls,New York Knicks,99.0,99.25925925925925
326,2015-12-25,Chicago Bulls,Oklahoma City Thunder,99.53846153846153,99.03448275862068
327,2015-12-26,Chicago Bulls,Dallas Mavericks,99.4074074074074,101.10344827586206
328,2015-12-28,Chicago Bulls,Toronto Raptors,100.07142857142857,96.26666666666667
329,2015-12-30,Chicago Bulls,Indiana Pacers,99.96551724137932,98.33333333333333
330,2016-01-01,Chicago Bulls,New York Knicks,99.96666666666667,98.76666666666667
331,2016-01-03,Chicago Bulls,Toronto Raptors,99.5,96.53333333333333
332,2016-01-05,Chicago Bulls,Milwaukee Bucks,99.93333333333334,103.63333333333334
335,2016-01-11,Chicago Bulls,Washington Wizards,100.03333333333333,103.43333333333334
336,2016-01-12,Chicago Bulls,Milwaukee Bucks,100.56666666666666,104.43333333333334
337,2016-01-14,Chicago Bulls,Philadelphia 76ers,100.7,105.13333333333334
338,2016-01-15,Chicago Bulls,Dallas Mavericks,101.46666666666667,101.26666666666667
339,2016-01-18,Chicago Bulls,Detroit Pistons,101.0,99.9
340,2016-01-20,Chicago Bulls,Golden State Warriors,101.2,104.13333333333334
342,2016-01-23,Chicago Bulls,Cleveland Cavaliers,102.26666666666667,95.5
343,2016-01-25,Chicago Bulls,Miami Heat,102.1,97.26666666666667
344,2016-01-28,Chicago Bulls,Los Angeles Lakers,101.6,106.4
345,2016-01-31,Chicago Bulls,Los Angeles Clippers,101.66666666666667,99.26666666666667
346,2016-02-01,Chicago Bulls,Utah Jazz,102.66666666666667,98.13333333333334
347,2016-02-03,Chicago Bulls,Sacramento Kings,102.76666666666667,107.53333333333333
348,2016-02-05,Chicago Bulls,Denver Nuggets,102.73333333333333,104.1
349,2016-02-06,Chicago Bulls,Minnesota Timberwolves,103.06666666666666,104.2
352,2016-02-18,Chicago Bulls,Cleveland Cavaliers,105.16666666666667,97.13333333333334
353,2016-02-19,Chicago Bulls,Toronto Raptors,105.86666666666666,97.73333333333333
354,2016-02-21,Chicago Bulls,Los Angeles Lakers,104.5,106.0
355,2016-02-24,Chicago Bulls,Washington Wizards,104.76666666666667,103.6
357,2016-02-27,Chicago Bulls,Portland Trail Blazers,104.96666666666667,102.8
358,2016-03-01,Chicago Bulls,Miami Heat,104.46666666666667,98.46666666666667
359,2016-03-02,Chicago Bulls,Orlando Magic,105.53333333333333,106.1
360,2016-03-05,Chicago Bulls,Houston Rockets,105.6,109.03333333333333
361,2016-03-07,Chicago Bulls,Milwaukee Bucks,106.23333333333333,103.33333333333333
362,2016-03-10,Chicago Bulls,San Antonio Spurs,105.46666666666667,96.53333333333333
363,2016-03-11,Chicago Bulls,Miami Heat,105.56666666666666,100.13333333333334
364,2016-03-14,Chicago Bulls,Toronto Raptors,106.43333333333334,100.7
365,2016-03-16,Chicago Bulls,Washington Wizards,106.0,105.26666666666667
367,2016-03-19,Chicago Bulls,Utah Jazz,105.96666666666667,96.66666666666667
368,2016-03-21,Chicago Bulls,Sacramento Kings,105.1,110.16666666666667
369,2016-03-23,Chicago Bulls,New York Knicks,105.73333333333333,103.66666666666667
370,2016-03-24,Chicago Bulls,New York Knicks,106.2,103.8
371,2016-03-26,Chicago Bulls,Orlando Magic,105.56666666666666,109.2
373,2016-03-29,Chicago Bulls,Indiana Pacers,106.23333333333333,101.0
374,2016-03-31,Chicago Bulls,Houston Rockets,106.46666666666667,108.43333333333334
376,2015-10-28,Cleveland Cavaliers,Memphis Grizzlies,97.0,
377,2015-10-30,Cleveland Cavaliers,Miami Heat,86.5,94.0
378,2015-11-02,Cleveland Cavaliers,Philadelphia 76ers,88.33333333333333,105.5
379,2015-11-04,Cleveland Cavaliers,New York Knicks,91.25,103.25
380,2015-11-06,Cleveland Cavaliers,Philadelphia 76ers,90.2,102.25
381,2015-11-08,Cleveland Cavaliers,Indiana Pacers,92.16666666666667,97.0
382,2015-11-10,Cleveland Cavaliers,Utah Jazz,92.85714285714286,85.0
383,2015-11-13,Cleveland Cavaliers,New York Knicks,95.5,100.77777777777777
384,2015-11-14,Cleveland Cavaliers,Milwaukee Bucks,94.22222222222223,101.0
385,2015-11-17,Cleveland Cavaliers,Detroit Pistons,95.6,97.2
386,2015-11-19,Cleveland Cavaliers,Milwaukee Bucks,96.36363636363636,102.63636363636364
388,2015-11-23,Cleveland Cavaliers,Orlando Magic,96.6923076923077,100.84615384615384
389,2015-11-25,Cleveland Cavaliers,Toronto Raptors,97.14285714285714,96.46666666666667
392,2015-12-01,Cleveland Cavaliers,Washington Wizards,96.52941176470588,105.14285714285714
393,2015-12-04,Cleveland Cavaliers,New Orleans Pelicans,96.55555555555556,109.05263157894737
394,2015-12-05,Cleveland Cavaliers,Miami Heat,97.47368421052632,92.6470588235294
395,2015-12-08,Cleveland Cavaliers,Portland Trail Blazers,97.55,101.68181818181819
396,2015-12-11,Cleveland Cavaliers,Orlando Magic,97.66666666666667,98.68181818181819
398,2015-12-17,Cleveland Cavaliers,Oklahoma City Thunder,95.82608695652173,100.24
399,2015-12-20,Cleveland Cavaliers,Philadelphia 76ers,96.0,104.28571428571429
400,2015-12-23,Cleveland Cavaliers,New York Knicks,95.6,99.24137931034483
401,2015-12-25,Cleveland Cavaliers,Golden State Warriors,95.15384615384616,101.96428571428571
402,2015-12-26,Cleveland Cavaliers,Portland Trail Blazers,94.92592592592592,103.4
403,2015-12-28,Cleveland Cavaliers,Phoenix Suns,95.28571428571429,105.63333333333334
404,2015-12-29,Cleveland Cavaliers,Denver Nuggets,95.34482758620689,104.56666666666666
405,2016-01-02,Cleveland Cavaliers,Orlando Magic,95.06666666666666,97.76666666666667
406,2016-01-04,Cleveland Cavaliers,Toronto Raptors,94.46666666666667,97.1
407,2016-01-06,Cleveland Cavaliers,Washington Wizards,95.26666666666667,104.0
408,2016-01-08,Cleveland Cavaliers,Minnesota Timberwolves,96.03333333333333,102.96666666666667
409,2016-01-10,Cleveland Cavaliers,Philadelphia 76ers,96.0,105.03333333333333
410,2016-01-12,Cleveland Cavaliers,Dallas Mavericks,95.96666666666667,100.0
411,2016-01-14,Cleveland Cavaliers,San Antonio Spurs,96.13333333333334,89.36666666666666
412,2016-01-15,Cleveland Cavaliers,Houston Rockets,96.2,103.9
413,2016-01-18,Cleveland Cavaliers,Golden State Warriors,94.96666666666667,104.53333333333333
415,2016-01-21,Cleveland Cavaliers,Los Angeles Clippers,95.56666666666666,99.2
417,2016-01-25,Cleveland Cavaliers,Minnesota Timberwolves,95.36666666666666,103.36666666666666
418,2016-01-27,Cleveland Cavaliers,Phoenix Suns,95.7,107.46666666666667
419,2016-01-29,Cleveland Cavaliers,Detroit Pistons,95.36666666666666,101.83333333333333
420,2016-01-30,Cleveland Cavaliers,San Antonio Spurs,95.46666666666667,91.03333333333333
421,2016-02-01,Cleveland Cavaliers,Indiana Pacers,95.9,102.5
424,2016-02-06,Cleveland Cavaliers,New Orleans Pelicans,96.46666666666667,102.63333333333334
425,2016-02-08,Cleveland Cavaliers,Sacramento Kings,95.96666666666667,108.56666666666666
426,2016-02-10,Cleveland Cavaliers,Los Angeles Lakers,95.96666666666667,104.76666666666667
428,2016-02-21,Cleveland Cavaliers,Oklahoma City Thunder,97.73333333333333,103.2
429,2016-02-22,Cleveland Cavaliers,Detroit Pistons,97.46666666666667,104.03333333333333
431,2016-02-26,Cleveland Cavaliers,Toronto Raptors,98.43333333333334,99.13333333333334
432,2016-02-28,Cleveland Cavaliers,Washington Wizards,98.76666666666667,104.03333333333333
433,2016-02-29,Cleveland Cavaliers,Indiana Pacers,99.03333333333333,102.2
434,2016-03-04,Cleveland Cavaliers,Washington Wizards,99.0,104.26666666666667
436,2016-03-07,Cleveland Cavaliers,Memphis Grizzlies,99.66666666666667,99.16666666666667
437,2016-03-09,Cleveland Cavaliers,Sacramento Kings,99.86666666666666,111.56666666666666
438,2016-03-10,Cleveland Cavaliers,Los Angeles Lakers,99.73333333333333,108.23333333333333
439,2016-03-13,Cleveland Cavaliers,Los Angeles Clippers,100.03333333333333,100.13333333333334
440,2016-03-14,Cleveland Cavaliers,Utah Jazz,100.2,97.3
441,2016-03-16,Cleveland Cavaliers,Dallas Mavericks,99.76666666666667,104.8
442,2016-03-18,Cleveland Cavaliers,Orlando Magic,99.73333333333333,108.46666666666667
443,2016-03-19,Cleveland Cavaliers,Miami Heat,100.6,101.26666666666667
444,2016-03-21,Cleveland Cavaliers,Denver Nuggets,100.26666666666667,107.06666666666666
445,2016-03-23,Cleveland Cavaliers,Milwaukee Bucks,100.7,101.2
447,2016-03-26,Cleveland Cavaliers,New York Knicks,101.03333333333333,103.16666666666667
448,2016-03-29,Cleveland Cavaliers,Houston Rockets,100.56666666666666,108.36666666666666
450,2015-10-28,Dallas Mavericks,Phoenix Suns,,
451,2015-10-29,Dallas Mavericks,Los Angeles Clippers,95.0,104.0
452,2015-11-01,Dallas Mavericks,Los Angeles Lakers,99.5,122.0
453,2015-11-03,Dallas Mavericks,Toronto Raptors,97.33333333333333,96.33333333333333
455,2015-11-07,Dallas Mavericks,New Orleans Pelicans,100.4,116.2
456,2015-11-10,Dallas Mavericks,New Orleans Pelicans,100.0,114.66666666666667
457,2015-11-11,Dallas Mavericks,Los Angeles Clippers,102.85714285714286,101.42857142857143
458,2015-11-13,Dallas Mavericks,Los Angeles Lakers,103.5,108.25
459,2015-11-14,Dallas Mavericks,Houston Rockets,101.11111111111111,108.11111111111111
460,2015-11-16,Dallas Mavericks,Philadelphia 76ers,100.8,104.6
462,2015-11-20,Dallas Mavericks,Utah Jazz,99.66666666666667,91.54545454545455
463,2015-11-22,Dallas Mavericks,Oklahoma City Thunder,99.15384615384616,104.53846153846153
464,2015-11-24,Dallas Mavericks,Memphis Grizzlies,100.42857142857143,100.14285714285714
465,2015-11-25,Dallas Mavericks,San Antonio Spurs,101.06666666666666,91.0
466,2015-11-28,Dallas Mavericks,Denver Nuggets,100.25,104.4375
467,2015-11-30,Dallas Mavericks,Sacramento Kings,99.11764705882354,109.05555555555556
468,2015-12-01,Dallas Mavericks,Portland Trail Blazers,99.83333333333333,101.0
469,2015-12-04,Dallas Mavericks,Houston Rockets,100.47368421052632,107.57894736842105
470,2015-12-06,Dallas Mavericks,Washington Wizards,100.45,104.17647058823529
471,2015-12-07,Dallas Mavericks,New York Knicks,100.61904761904762,98.19047619047619
473,2015-12-12,Dallas Mavericks,Washington Wizards,100.34782608695652,105.04761904761905
474,2015-12-14,Dallas Mavericks,Phoenix Suns,100.91666666666667,105.04
475,2015-12-16,Dallas Mavericks,Indiana Pacers,100.64,99.43478260869566
476,2015-12-18,Dallas Mavericks,Memphis Grizzlies,100.88461538461539,100.88888888888889
477,2015-12-22,Dallas Mavericks,Toronto Raptors,100.4074074074074,96.48275862068965
480,2015-12-28,Dallas Mavericks,Milwaukee Bucks,101.43333333333334,101.66666666666667
481,2015-12-30,Dallas Mavericks,Golden State Warriors,101.36666666666666,101.36666666666666
482,2016-01-01,Dallas Mavericks,Miami Heat,100.93333333333334,95.53333333333333
483,2016-01-02,Dallas Mavericks,New Orleans Pelicans,101.36666666666666,106.3
484,2016-01-05,Dallas Mavericks,Sacramento Kings,101.46666666666667,107.2
485,2016-01-06,Dallas Mavericks,New Orleans Pelicans,101.73333333333333,105.1
486,2016-01-08,Dallas Mavericks,Milwaukee Bucks,101.5,104.66666666666667
487,2016-01-10,Dallas Mavericks,Minnesota Timberwolves,100.7,103.66666666666667
489,2016-01-13,Dallas Mavericks,Oklahoma City Thunder,100.93333333333334,100.03333333333333
491,2016-01-17,Dallas Mavericks,San Antonio Spurs,100.96666666666667,89.26666666666667
493,2016-01-20,Dallas Mavericks,Minnesota Timberwolves,101.96666666666667,102.8
494,2016-01-22,Dallas Mavericks,Oklahoma City Thunder,101.2,97.46666666666667
495,2016-01-24,Dallas Mavericks,Houston Rockets,101.16666666666667,104.83333333333333
496,2016-01-26,Dallas Mavericks,Los Angeles Lakers,102.06666666666666,106.76666666666667
497,2016-01-27,Dallas Mavericks,Golden State Warriors,102.36666666666666,103.4
499,2016-01-31,Dallas Mavericks,Phoenix Suns,101.76666666666667,108.16666666666667
501,2016-02-03,Dallas Mavericks,Miami Heat,101.3,97.63333333333334
502,2016-02-05,Dallas Mavericks,San Antonio Spurs,101.16666666666667,92.9
503,2016-02-06,Dallas Mavericks,Memphis Grizzlies,101.76666666666667,97.86666666666666
504,2016-02-09,Dallas Mavericks,Utah Jazz,101.63333333333334,95.66666666666667
505,2016-02-19,Dallas Mavericks,Orlando Magic,102.53333333333333,102.4
506,2016-02-21,Dallas Mavericks,Philadelphia 76ers,102.63333333333334,107.63333333333334
507,2016-02-24,Dallas Mavericks,Oklahoma City Thunder,103.13333333333334,103.56666666666666
508,2016-02-26,Dallas Mavericks,Denver Nuggets,103.56666666666666,103.8
509,2016-02-28,Dallas Mavericks,Minnesota Timberwolves,103.5,105.93333333333334
510,2016-03-01,Dallas Mavericks,Orlando Magic,103.16666666666667,105.43333333333334
511,2016-03-03,Dallas Mavericks,Sacramento Kings,103.66666666666667,111.9
512,2016-03-06,Dallas Mavericks,Denver Nuggets,104.1,105.16666666666667
513,2016-03-07,Dallas Mavericks,Los Angeles Clippers,104.43333333333334,99.9
514,2016-03-09,Dallas Mavericks,Detroit Pistons,104.56666666666666,101.26666666666667
515,2016-03-12,Dallas Mavericks,Indiana Pacers,104.1,102.3
518,2016-03-18,Dallas Mavericks,Golden State Warriors,105.2,106.76666666666667
519,2016-03-20,Dallas Mavericks,Portland Trail Blazers,105.86666666666666,104.6
520,2016-03-23,Dallas Mavericks,Portland Trail Blazers,106.26666666666667,106.16666666666667
521,2016-03-25,Dallas Mavericks,Golden State Warriors,107.33333333333333,105.93333333333334
522,2016-03-27,Dallas Mavericks,Sacramento Kings,107.86666666666666,111.23333333333333
523,2016-03-28,Dallas Mavericks,Denver Nuggets,108.53333333333333,107.0
524,2016-03-30,Dallas Mavericks,New York Knicks,108.33333333333333,102.46666666666667
525,2015-10-28,Denver Nuggets,Houston Rockets,,
526,2015-10-30,Denver Nuggets,Minnesota Timberwolves,85.0,111.0
527,2015-11-01,Denver Nuggets,Oklahoma City Thunder,90.0,121.0
528,2015-11-03,Denver Nuggets,Los Angeles Lakers,99.0,115.66666666666667
529,2015-11-05,Denver Nuggets,Utah Jazz,101.5,86.75
530,2015-11-06,Denver Nuggets,Golden State Warriors,100.4,96.8
531,2015-11-09,Denver Nuggets,Portland Trail Blazers,103.5,102.0
532,2015-11-11,Denver Nuggets,Milwaukee Bucks,103.57142857142857,100.75
533,2015-11-13,Denver Nuggets,Houston Rockets,103.375,108.25
534,2015-11-14,Denver Nuggets,Phoenix Suns,102.77777777777777,102.5
535,2015-11-17,Denver Nuggets,New Orleans Pelicans,103.0,109.4
536,2015-11-18,Denver Nuggets,San Antonio Spurs,102.54545454545455,90.6
537,2015-11-20,Denver Nuggets,Phoenix Suns,103.08333333333333,100.45454545454545
538,2015-11-22,Denver Nuggets,Golden State Warriors,103.92307692307692,99.78571428571429
539,2015-11-24,Denver Nuggets,Los Angeles Clippers,104.92857142857143,104.53846153846153
540,2015-11-27,Denver Nuggets,San Antonio Spurs,105.33333333333333,90.46666666666667
542,2015-11-30,Denver Nuggets,Milwaukee Bucks,103.70588235294117,105.0
544,2015-12-03,Denver Nuggets,Toronto Raptors,102.84210526315789,95.84210526315789
545,2015-12-05,Denver Nuggets,Philadelphia 76ers,102.95,102.05
546,2015-12-08,Denver Nuggets,Orlando Magic,103.04761904761905,99.5
547,2015-12-11,Denver Nuggets,Minnesota Timberwolves,102.22727272727273,102.9047619047619
548,2015-12-14,Denver Nuggets,Houston Rockets,102.47826086956522,106.79166666666667
549,2015-12-15,Denver Nuggets,Minnesota Timberwolves,102.70833333333333,103.47826086956522
550,2015-12-18,Denver Nuggets,Utah Jazz,102.6,97.70833333333333
551,2015-12-20,Denver Nuggets,New Orleans Pelicans,102.38461538461539,107.57692307692308
552,2015-12-22,Denver Nuggets,Los Angeles Lakers,103.4074074074074,107.18518518518519
553,2015-12-23,Denver Nuggets,Phoenix Suns,103.67857142857143,105.23333333333333
554,2015-12-26,Denver Nuggets,San Antonio Spurs,103.41379310344827,87.96666666666667
555,2015-12-27,Denver Nuggets,Oklahoma City Thunder,103.33333333333333,99.23333333333333
557,2015-12-30,Denver Nuggets,Portland Trail Blazers,104.5,102.03333333333333
558,2016-01-02,Denver Nuggets,Golden State Warriors,104.26666666666667,102.6
559,2016-01-03,Denver Nuggets,Portland Trail Blazers,104.33333333333333,102.66666666666667
560,2016-01-06,Denver Nuggets,Minnesota Timberwolves,104.86666666666666,103.93333333333334
561,2016-01-08,Denver Nuggets,Memphis Grizzlies,103.36666666666666,98.3
563,2016-01-13,Denver Nuggets,Golden State Warriors,102.6,103.73333333333333
564,2016-01-15,Denver Nuggets,Miami Heat,103.0,97.03333333333333
565,2016-01-17,Denver Nuggets,Indiana Pacers,102.76666666666667,99.76666666666667
566,2016-01-19,Denver Nuggets,Oklahoma City Thunder,103.7,97.73333333333333
567,2016-01-21,Denver Nuggets,Memphis Grizzlies,103.73333333333333,97.83333333333333
568,2016-01-23,Denver Nuggets,Detroit Pistons,103.33333333333333,101.83333333333333
571,2016-01-28,Denver Nuggets,Washington Wizards,103.7,103.0
572,2016-01-30,Denver Nuggets,Indiana Pacers,104.4,102.03333333333333
573,2016-02-01,Denver Nuggets,Toronto Raptors,104.96666666666667,97.26666666666667
574,2016-02-03,Denver Nuggets,Utah Jazz,104.76666666666667,97.9
576,2016-02-07,Denver Nuggets,New York Knicks,104.26666666666667,102.93333333333334
578,2016-02-10,Denver Nuggets,Detroit Pistons,104.53333333333333,103.5
579,2016-02-19,Denver Nuggets,Sacramento Kings,104.0,109.43333333333334
581,2016-02-23,Denver Nuggets,Sacramento Kings,105.33333333333333,109.86666666666666
582,2016-02-24,Denver Nuggets,Los Angeles Clippers,104.8,100.43333333333334
584,2016-02-29,Denver Nuggets,Memphis Grizzlies,104.66666666666667,98.53333333333333
585,2016-03-02,Denver Nuggets,Los Angeles Lakers,104.73333333333333,106.8
588,2016-03-08,Denver Nuggets,New York Knicks,105.3,103.56666666666666
589,2016-03-10,Denver Nuggets,Phoenix Suns,104.73333333333333,110.23333333333333
590,2016-03-12,Denver Nuggets,Washington Wizards,104.26666666666667,105.33333333333333
591,2016-03-14,Denver Nuggets,Miami Heat,105.13333333333334,100.63333333333334
592,2016-03-15,Denver Nuggets,Orlando Magic,106.23333333333333,106.96666666666667
596,2016-03-23,Denver Nuggets,Philadelphia 76ers,107.0,110.66666666666667
597,2016-03-25,Denver Nuggets,Los Angeles Lakers,106.76666666666667,108.0
598,2016-03-27,Denver Nuggets,Los Angeles Clippers,106.86666666666666,101.3
600,2016-03-30,Denver Nuggets,Memphis Grizzlies,106.26666666666667,103.56666666666666
601,2016-03-31,Denver Nuggets,New Orleans Pelicans,106.06666666666666,107.63333333333334
603,2015-10-28,Detroit Pistons,Utah Jazz,94.0,
605,2015-11-03,Detroit Pistons,Indiana Pacers,91.66666666666667,105.0
606,2015-11-06,Detroit Pistons,Phoenix Suns,92.25,98.4
607,2015-11-08,Detroit Pistons,Portland Trail Blazers,92.2,99.0
608,2015-11-09,Detroit Pistons,Golden State Warriors,94.0,97.42857142857143
609,2015-11-11,Detroit Pistons,Sacramento Kings,96.14285714285714,110.625
610,2015-11-14,Detroit Pistons,Los Angeles Clippers,96.75,105.11111111111111
611,2015-11-15,Detroit Pistons,Los Angeles Lakers,97.22222222222223,106.22222222222223
613,2015-11-20,Detroit Pistons,Minnesota Timberwolves,97.36363636363636,103.33333333333333
614,2015-11-21,Detroit Pistons,Washington Wizards,96.41666666666667,106.44444444444444
615,2015-11-23,Detroit Pistons,Milwaukee Bucks,96.46153846153847,105.15384615384616
616,2015-11-25,Detroit Pistons,Miami Heat,97.35714285714286,91.76923076923077
617,2015-11-27,Detroit Pistons,Oklahoma City Thunder,96.26666666666667,103.8125
619,2015-11-30,Detroit Pistons,Houston Rockets,96.11764705882354,107.47058823529412
620,2015-12-02,Detroit Pistons,Phoenix Suns,96.61111111111111,104.61111111111111
621,2015-12-04,Detroit Pistons,Milwaukee Bucks,97.94736842105263,102.84210526315789
622,2015-12-06,Detroit Pistons,Los Angeles Lakers,97.8,105.42105263157895
624,2015-12-09,Detroit Pistons,Memphis Grizzlies,97.77272727272727,100.72727272727273
625,2015-12-11,Detroit Pistons,Philadelphia 76ers,97.56521739130434,102.95652173913044
626,2015-12-12,Detroit Pistons,Indiana Pacers,97.45833333333333,99.0
627,2015-12-14,Detroit Pistons,Los Angeles Clippers,97.4,100.79166666666667
630,2015-12-22,Detroit Pistons,Miami Heat,100.0,94.92307692307692
633,2015-12-29,Detroit Pistons,New York Knicks,100.13333333333334,99.23333333333333
634,2015-12-31,Detroit Pistons,Minnesota Timberwolves,100.83333333333333,103.13333333333334
635,2016-01-02,Detroit Pistons,Indiana Pacers,100.7,98.46666666666667
636,2016-01-04,Detroit Pistons,Orlando Magic,100.7,98.1
639,2016-01-12,Detroit Pistons,San Antonio Spurs,99.63333333333334,88.73333333333333
640,2016-01-14,Detroit Pistons,Memphis Grizzlies,99.9,98.13333333333334
641,2016-01-16,Detroit Pistons,Golden State Warriors,99.96666666666667,104.06666666666666
643,2016-01-20,Detroit Pistons,Houston Rockets,100.3,104.43333333333334
644,2016-01-21,Detroit Pistons,New Orleans Pelicans,101.23333333333333,103.5
646,2016-01-25,Detroit Pistons,Utah Jazz,101.66666666666667,99.0
647,2016-01-27,Detroit Pistons,Philadelphia 76ers,102.03333333333333,106.06666666666666
649,2016-01-30,Detroit Pistons,Toronto Raptors,102.73333333333333,96.43333333333334
652,2016-02-04,Detroit Pistons,New York Knicks,102.43333333333334,103.2
653,2016-02-06,Detroit Pistons,Indiana Pacers,102.9,100.4
654,2016-02-08,Detroit Pistons,Toronto Raptors,103.16666666666667,97.7
656,2016-02-19,Detroit Pistons,Washington Wizards,103.76666666666667,104.86666666666666
657,2016-02-21,Detroit Pistons,New Orleans Pelicans,103.83333333333333,102.8
659,2016-02-24,Detroit Pistons,Philadelphia 76ers,103.1,109.03333333333333
660,2016-02-27,Detroit Pistons,Milwaukee Bucks,101.33333333333333,103.6
661,2016-02-28,Detroit Pistons,Toronto Raptors,101.3,98.73333333333333
662,2016-03-02,Detroit Pistons,San Antonio Spurs,101.1,95.86666666666666
663,2016-03-05,Detroit Pistons,New York Knicks,101.03333333333333,104.2
664,2016-03-06,Detroit Pistons,Portland Trail Blazers,100.83333333333333,103.06666666666666
667,2016-03-12,Detroit Pistons,Philadelphia 76ers,102.3,110.53333333333333
668,2016-03-14,Detroit Pistons,Washington Wizards,102.86666666666666,105.9
670,2016-03-18,Detroit Pistons,Sacramento Kings,104.33333333333333,110.66666666666667
672,2016-03-21,Detroit Pistons,Milwaukee Bucks,104.76666666666667,101.66666666666667
673,2016-03-23,Detroit Pistons,Orlando Magic,104.1,108.86666666666666
676,2016-03-29,Detroit Pistons,Oklahoma City Thunder,103.63333333333334,106.8
677,2015-10-27,Golden State Warriors,New Orleans Pelicans,,
678,2015-10-30,Golden State Warriors,Houston Rockets,95.0,105.0
679,2015-10-31,Golden State Warriors,New Orleans Pelicans,93.5,111.5
680,2015-11-02,Golden State Warriors,Memphis Grizzlies,102.33333333333333,100.0
681,2015-11-04,Golden State Warriors,Los Angeles Clippers,94.0,99.25
683,2015-11-07,Golden State Warriors,Sacramento Kings,98.0,112.66666666666667
685,2015-11-11,Golden State Warriors,Memphis Grizzlies,97.125,100.75
686,2015-11-12,Golden State Warriors,Minnesota Timberwolves,95.66666666666667,99.28571428571429
688,2015-11-17,Golden State Warriors,Toronto Raptors,97.81818181818181,97.0909090909091
689,2015-11-19,Golden State Warriors,Los Angeles Clippers,98.83333333333333,104.2
692,2015-11-24,Golden State Warriors,Los Angeles Lakers,100.13333333333334,105.38461538461539
693,2015-11-27,Golden State Warriors,Phoenix Suns,98.6875,103.46666666666667
694,2015-11-28,Golden State Warriors,Sacramento Kings,99.70588235294117,108.41176470588235
695,2015-11-30,Golden State Warriors,Utah Jazz,99.77777777777777,93.2
697,2015-12-05,Golden State Warriors,Toronto Raptors,99.9,96.35
699,2015-12-08,Golden State Warriors,Indiana Pacers,100.22727272727273,98.15789473684211
701,2015-12-12,Golden State Warriors,Milwaukee Bucks,101.95833333333333,101.41666666666667
702,2015-12-16,Golden State Warriors,Phoenix Suns,102.2,105.0
703,2015-12-18,Golden State Warriors,Milwaukee Bucks,102.23076923076923,101.66666666666667
704,2015-12-23,Golden State Warriors,Utah Jazz,102.5925925925926,97.0
706,2015-12-28,Golden State Warriors,Sacramento Kings,101.3103448275862,106.76666666666667
708,2015-12-31,Golden State Warriors,Houston Rockets,102.0,105.2
711,2016-01-05,Golden State Warriors,Los Angeles Lakers,103.26666666666667,104.5
712,2016-01-08,Golden State Warriors,Portland Trail Blazers,102.6,102.06666666666666
713,2016-01-09,Golden State Warriors,Sacramento Kings,102.73333333333333,107.13333333333334
714,2016-01-11,Golden State Warriors,Miami Heat,103.46666666666667,95.83333333333333
716,2016-01-14,Golden State Warriors,Los Angeles Lakers,104.66666666666667,106.0
720,2016-01-22,Golden State Warriors,Indiana Pacers,103.36666666666666,101.16666666666667
721,2016-01-25,Golden State Warriors,San Antonio Spurs,103.9,89.16666666666667
723,2016-01-30,Golden State Warriors,Philadelphia 76ers,104.4,105.86666666666666
724,2016-01-31,Golden State Warriors,New York Knicks,104.03333333333333,102.66666666666667
725,2016-02-03,Golden State Warriors,Washington Wizards,103.83333333333333,105.53333333333333
726,2016-02-06,Golden State Warriors,Oklahoma City Thunder,104.43333333333334,101.66666666666667
727,2016-02-09,Golden State Warriors,Houston Rockets,104.73333333333333,105.6
728,2016-02-10,Golden State Warriors,Phoenix Suns,104.76666666666667,107.83333333333333
729,2016-02-19,Golden State Warriors,Portland Trail Blazers,104.96666666666667,102.2
730,2016-02-20,Golden State Warriors,Los Angeles Clippers,105.43333333333334,100.23333333333333
732,2016-02-24,Golden State Warriors,Miami Heat,104.66666666666667,97.86666666666666
733,2016-02-25,Golden State Warriors,Orlando Magic,104.96666666666667,103.5
734,2016-02-27,Golden State Warriors,Oklahoma City Thunder,105.03333333333333,105.2
736,2016-03-03,Golden State Warriors,Oklahoma City Thunder,106.86666666666666,106.46666666666667
737,2016-03-06,Golden State Warriors,Los Angeles Lakers,106.96666666666667,107.16666666666667
738,2016-03-07,Golden State Warriors,Orlando Magic,106.9,105.9
739,2016-03-09,Golden State Warriors,Utah Jazz,107.0,97.36666666666666
740,2016-03-11,Golden State Warriors,Portland Trail Blazers,106.53333333333333,103.73333333333333
741,2016-03-12,Golden State Warriors,Phoenix Suns,106.9,110.43333333333334
742,2016-03-14,Golden State Warriors,New Orleans Pelicans,107.83333333333333,106.2
743,2016-03-16,Golden State Warriors,New York Knicks,107.8,103.8
745,2016-03-19,Golden State Warriors,San Antonio Spurs,107.06666666666666,96.03333333333333
746,2016-03-21,Golden State Warriors,Minnesota Timberwolves,106.23333333333333,109.86666666666666
747,2016-03-23,Golden State Warriors,Los Angeles Clippers,106.43333333333334,102.43333333333334
749,2016-03-27,Golden State Warriors,Philadelphia 76ers,106.66666666666667,110.8
750,2016-03-29,Golden State Warriors,Washington Wizards,107.03333333333333,104.66666666666667
751,2016-03-30,Golden State Warriors,Utah Jazz,106.5,94.26666666666667
754,2015-11-01,Houston Rockets,Miami Heat,108.5,98.0
755,2015-11-02,Houston Rockets,Oklahoma City Thunder,108.66666666666667,111.66666666666667
756,2015-11-04,Houston Rockets,Orlando Magic,107.75,103.25
757,2015-11-06,Houston Rockets,Sacramento Kings,109.0,112.0
758,2015-11-07,Houston Rockets,Los Angeles Clippers,109.16666666666667,101.8
763,2015-11-18,Houston Rockets,Portland Trail Blazers,108.54545454545455,102.91666666666667
764,2015-11-20,Houston Rockets,Memphis Grizzlies,108.08333333333333,102.16666666666667
765,2015-11-21,Houston Rockets,New York Knicks,107.15384615384616,97.53846153846153
766,2015-11-25,Houston Rockets,Memphis Grizzlies,107.14285714285714,99.86666666666666
767,2015-11-27,Houston Rockets,Philadelphia 76ers,106.8,102.6875
768,2015-11-29,Houston Rockets,New York Knicks,107.25,97.76470588235294
770,2015-12-02,Houston Rockets,New Orleans Pelicans,107.94444444444444,109.11111111111111
772,2015-12-05,Houston Rockets,Sacramento Kings,107.0,108.75
774,2015-12-09,Houston Rockets,Washington Wizards,107.4090909090909,104.73684210526316
775,2015-12-12,Houston Rockets,Los Angeles Lakers,107.21739130434783,106.43478260869566
777,2015-12-15,Houston Rockets,Sacramento Kings,107.08,108.16666666666667
778,2015-12-17,Houston Rockets,Los Angeles Lakers,107.07692307692308,106.76
779,2015-12-19,Houston Rockets,Los Angeles Clippers,106.33333333333333,101.0
781,2015-12-23,Houston Rockets,Orlando Magic,105.62068965517241,98.5
782,2015-12-25,Houston Rockets,San Antonio Spurs,105.56666666666666,88.76666666666667
783,2015-12-26,Houston Rockets,New Orleans Pelicans,104.86666666666666,107.06896551724138
786,2016-01-02,Houston Rockets,San Antonio Spurs,105.5,88.43333333333334
787,2016-01-04,Houston Rockets,Utah Jazz,105.73333333333333,97.96666666666667
788,2016-01-07,Houston Rockets,Utah Jazz,105.1,99.03333333333333
789,2016-01-10,Houston Rockets,Indiana Pacers,104.73333333333333,98.23333333333333
790,2016-01-12,Houston Rockets,Memphis Grizzlies,104.63333333333334,97.9
791,2016-01-13,Houston Rockets,Minnesota Timberwolves,104.1,102.26666666666667
793,2016-01-17,Houston Rockets,Los Angeles Lakers,103.23333333333333,106.1
794,2016-01-18,Houston Rockets,Los Angeles Clippers,102.96666666666667,98.93333333333334
796,2016-01-22,Houston Rockets,Milwaukee Bucks,104.96666666666667,102.2
798,2016-01-25,Houston Rockets,New Orleans Pelicans,104.5,103.43333333333334
799,2016-01-27,Houston Rockets,San Antonio Spurs,104.5,90.4
800,2016-01-29,Houston Rockets,Oklahoma City Thunder,104.96666666666667,100.33333333333333
801,2016-01-30,Houston Rockets,Washington Wizards,105.46666666666667,104.1
802,2016-02-02,Houston Rockets,Miami Heat,106.36666666666666,97.6
803,2016-02-04,Houston Rockets,Phoenix Suns,106.0,106.8
804,2016-02-06,Houston Rockets,Portland Trail Blazers,105.83333333333333,102.3
806,2016-02-10,Houston Rockets,Portland Trail Blazers,106.46666666666667,101.96666666666667
807,2016-02-19,Houston Rockets,Phoenix Suns,106.53333333333333,108.03333333333333
808,2016-02-23,Houston Rockets,Utah Jazz,106.3,96.4
809,2016-02-25,Houston Rockets,Portland Trail Blazers,107.3,102.23333333333333
810,2016-02-27,Houston Rockets,San Antonio Spurs,107.56666666666666,95.8
811,2016-02-29,Houston Rockets,Milwaukee Bucks,107.86666666666666,103.83333333333333
812,2016-03-02,Houston Rockets,New Orleans Pelicans,108.66666666666667,103.93333333333334
814,2016-03-06,Houston Rockets,Toronto Raptors,108.96666666666667,99.6
815,2016-03-09,Houston Rockets,Philadelphia 76ers,108.5,110.23333333333333
818,2016-03-14,Houston Rockets,Memphis Grizzlies,108.53333333333333,101.56666666666666
819,2016-03-16,Houston Rockets,Los Angeles Clippers,108.1,100.96666666666667
820,2016-03-18,Houston Rockets,Minnesota Timberwolves,108.73333333333333,109.36666666666666
822,2016-03-22,Houston Rockets,Oklahoma City Thunder,109.56666666666666,106.0
823,2016-03-23,Houston Rockets,Utah Jazz,110.23333333333333,96.4
824,2016-03-25,Houston Rockets,Toronto Raptors,110.03333333333333,99.93333333333334
825,2016-03-27,Houston Rockets,Indiana Pacers,109.0,101.7
828,2015-10-28,Indiana Pacers,Toronto Raptors,,
829,2015-10-29,Indiana Pacers,Memphis Grizzlies,106.0,106.0
830,2015-10-31,Indiana Pacers,Utah Jazz,109.0,81.5
833,2015-11-06,Indiana Pacers,Miami Heat,99.0,93.4
835,2015-11-09,Indiana Pacers,Orlando Magic,97.57142857142857,102.28571428571429
837,2015-11-13,Indiana Pacers,Minnesota Timberwolves,95.33333333333333,103.0
839,2015-11-18,Indiana Pacers,Philadelphia 76ers,96.0909090909091,103.45454545454545
840,2015-11-21,Indiana Pacers,Milwaukee Bucks,95.16666666666667,103.66666666666667
841,2015-11-24,Indiana Pacers,Washington Wizards,94.46153846153847,105.3
843,2015-11-29,Indiana Pacers,Los Angeles Lakers,95.06666666666666,105.93333333333334
844,2015-12-02,Indiana Pacers,Los Angeles Clippers,95.5625,101.72222222222223
845,2015-12-03,Indiana Pacers,Portland Trail Blazers,95.29411764705883,101.73684210526316
846,2015-12-05,Indiana Pacers,Utah Jazz,96.83333333333333,94.52941176470588
848,2015-12-11,Indiana Pacers,Miami Heat,99.8,93.6
850,2015-12-14,Indiana Pacers,Toronto Raptors,99.86363636363636,95.4
853,2015-12-19,Indiana Pacers,Memphis Grizzlies,98.6,100.75
854,2015-12-21,Indiana Pacers,San Antonio Spurs,98.5,88.85714285714286
855,2015-12-23,Indiana Pacers,Sacramento Kings,98.77777777777777,107.10714285714286
856,2015-12-26,Indiana Pacers,Minnesota Timberwolves,99.10714285714286,103.44827586206897
859,2015-12-31,Indiana Pacers,Milwaukee Bucks,98.2,102.0
861,2016-01-04,Indiana Pacers,Miami Heat,97.96666666666667,94.4
862,2016-01-06,Indiana Pacers,Orlando Magic,98.66666666666667,97.96666666666667
863,2016-01-08,Indiana Pacers,New Orleans Pelicans,98.26666666666667,105.0
865,2016-01-12,Indiana Pacers,Phoenix Suns,98.43333333333334,107.93333333333334
867,2016-01-15,Indiana Pacers,Washington Wizards,99.26666666666667,102.16666666666667
869,2016-01-19,Indiana Pacers,Phoenix Suns,100.86666666666666,109.23333333333333
871,2016-01-23,Indiana Pacers,Sacramento Kings,102.36666666666666,107.4
872,2016-01-26,Indiana Pacers,Los Angeles Clippers,102.43333333333334,100.13333333333334
879,2016-02-08,Indiana Pacers,Los Angeles Lakers,101.1,106.0
881,2016-02-19,Indiana Pacers,Oklahoma City Thunder,100.96666666666667,102.83333333333333
882,2016-02-21,Indiana Pacers,Orlando Magic,101.53333333333333,102.16666666666667
883,2016-02-22,Indiana Pacers,Miami Heat,101.7,98.4
884,2016-02-24,Indiana Pacers,New York Knicks,101.86666666666666,104.23333333333333
886,2016-02-28,Indiana Pacers,Portland Trail Blazers,101.43333333333334,102.1
888,2016-03-02,Indiana Pacers,Milwaukee Bucks,102.63333333333334,104.53333333333333
890,2016-03-05,Indiana Pacers,Washington Wizards,102.13333333333334,104.83333333333333
891,2016-03-07,Indiana Pacers,San Antonio Spurs,102.7,96.0
895,2016-03-17,Indiana Pacers,Toronto Raptors,103.23333333333333,99.4
896,2016-03-19,Indiana Pacers,Oklahoma City Thunder,103.36666666666666,105.26666666666667
897,2016-03-21,Indiana Pacers,Philadelphia 76ers,103.76666666666667,111.46666666666667
898,2016-03-24,Indiana Pacers,New Orleans Pelicans,102.33333333333333,108.0
902,2016-03-31,Indiana Pacers,Orlando Magic,100.66666666666667,108.5
903,2015-10-28,Los Angeles Clippers,Sacramento Kings,,
905,2015-10-31,Los Angeles Clippers,Sacramento Kings,96.0,112.5
906,2015-11-02,Los Angeles Clippers,Phoenix Suns,100.33333333333333,97.66666666666667
909,2015-11-09,Los Angeles Clippers,Memphis Grizzlies,103.0,101.71428571428571
911,2015-11-12,Los Angeles Clippers,Phoenix Suns,103.5,102.28571428571429
914,2015-11-20,Los Angeles Clippers,Portland Trail Blazers,106.0,103.3076923076923
915,2015-11-22,Los Angeles Clippers,Toronto Raptors,105.66666666666667,97.64285714285714
917,2015-11-25,Los Angeles Clippers,Utah Jazz,103.78571428571429,93.84615384615384
918,2015-11-27,Los Angeles Clippers,New Orleans Pelicans,103.66666666666667,109.26666666666667
919,2015-11-29,Los Angeles Clippers,Minnesota Timberwolves,102.8125,101.0625
920,2015-11-30,Los Angeles Clippers,Portland Trail Blazers,102.58823529411765,100.94117647058823
922,2015-12-05,Los Angeles Clippers,Orlando Magic,101.78947368421052,99.3157894736842
923,2015-12-07,Los Angeles Clippers,Minnesota Timberwolves,101.75,101.52631578947368
924,2015-12-09,Los Angeles Clippers,Milwaukee Bucks,101.95238095238095,101.5909090909091
928,2015-12-16,Los Angeles Clippers,Milwaukee Bucks,100.88,101.61538461538461
929,2015-12-18,Los Angeles Clippers,San Antonio Spurs,100.46153846153847,88.18518518518519
931,2015-12-21,Los Angeles Clippers,Oklahoma City Thunder,101.21428571428571,99.55555555555556
932,2015-12-25,Los Angeles Clippers,Los Angeles Lakers,101.17241379310344,107.62068965517241
933,2015-12-26,Los Angeles Clippers,Utah Jazz,100.6,97.22222222222223
934,2015-12-28,Los Angeles Clippers,Washington Wizards,100.6,104.64285714285714
936,2015-12-31,Los Angeles Clippers,New Orleans Pelicans,100.96666666666667,106.86666666666666
937,2016-01-02,Los Angeles Clippers,Philadelphia 76ers,100.73333333333333,104.16666666666667
938,2016-01-06,Los Angeles Clippers,Portland Trail Blazers,100.3,102.03333333333333
940,2016-01-10,Los Angeles Clippers,New Orleans Pelicans,99.63333333333334,104.0
941,2016-01-13,Los Angeles Clippers,Miami Heat,99.4,96.6
942,2016-01-16,Los Angeles Clippers,Sacramento Kings,98.46666666666667,108.36666666666666
945,2016-01-22,Los Angeles Clippers,New York Knicks,99.63333333333334,101.56666666666666
946,2016-01-24,Los Angeles Clippers,Toronto Raptors,99.53333333333333,96.23333333333333
949,2016-01-29,Los Angeles Clippers,Los Angeles Lakers,99.46666666666667,106.73333333333333
951,2016-02-03,Los Angeles Clippers,Minnesota Timberwolves,99.46666666666667,104.86666666666666
952,2016-02-05,Los Angeles Clippers,Orlando Magic,99.63333333333334,101.36666666666666
953,2016-02-07,Los Angeles Clippers,Miami Heat,99.36666666666666,97.3
954,2016-02-08,Los Angeles Clippers,Philadelphia 76ers,98.93333333333334,107.4
956,2016-02-18,Los Angeles Clippers,San Antonio Spurs,100.7,94.1
958,2016-02-22,Los Angeles Clippers,Phoenix Suns,100.63333333333334,109.0
960,2016-02-26,Los Angeles Clippers,Sacramento Kings,99.5,110.6
962,2016-03-02,Los Angeles Clippers,Oklahoma City Thunder,99.33333333333333,106.76666666666667
965,2016-03-09,Los Angeles Clippers,Oklahoma City Thunder,99.86666666666666,106.06666666666666
966,2016-03-11,Los Angeles Clippers,New York Knicks,99.96666666666667,103.86666666666666
968,2016-03-15,Los Angeles Clippers,San Antonio Spurs,100.63333333333334,96.03333333333333
970,2016-03-19,Los Angeles Clippers,Memphis Grizzlies,101.73333333333333,103.1
971,2016-03-20,Los Angeles Clippers,New Orleans Pelicans,101.8,107.66666666666667
973,2016-03-24,Los Angeles Clippers,Portland Trail Blazers,102.56666666666666,106.13333333333334
976,2016-03-30,Los Angeles Clippers,Minnesota Timberwolves,100.53333333333333,110.66666666666667
977,2016-03-31,Los Angeles Clippers,Oklahoma City Thunder,99.43333333333334,106.2
978,2015-10-28,Los Angeles Lakers,Minnesota Timberwolves,,
979,2015-10-30,Los Angeles Lakers,Sacramento Kings,112.0,111.0
983,2015-11-08,Los Angeles Lakers,New York Knicks,113.0,101.33333333333333
984,2015-11-10,Los Angeles Lakers,Miami Heat,110.66666666666667,90.42857142857143
985,2015-11-11,Los Angeles Lakers,Orlando Magic,109.28571428571429,101.625
988,2015-11-16,Los Angeles Lakers,Phoenix Suns,104.1,100.11111111111111
989,2015-11-20,Los Angeles Lakers,Toronto Raptors,105.54545454545455,98.15384615384616
990,2015-11-22,Los Angeles Lakers,Portland Trail Blazers,105.25,102.42857142857143
992,2015-11-28,Los Angeles Lakers,Portland Trail Blazers,105.78571428571429,101.25
994,2015-12-01,Los Angeles Lakers,Philadelphia 76ers,106.0,102.83333333333333
995,2015-12-02,Los Angeles Lakers,Washington Wizards,105.82352941176471,103.8
998,2015-12-07,Los Angeles Lakers,Toronto Raptors,105.7,97.0952380952381
999,2015-12-09,Los Angeles Lakers,Minnesota Timberwolves,105.52380952380952,101.95
1000,2015-12-11,Los Angeles Lakers,San Antonio Spurs,106.31818181818181,88.69565217391305
1002,2015-12-15,Los Angeles Lakers,Milwaukee Bucks,107.25,101.16
1004,2015-12-19,Los Angeles Lakers,Oklahoma City Thunder,106.76923076923077,100.38461538461539
1006,2015-12-23,Los Angeles Lakers,Oklahoma City Thunder,107.17857142857143,99.53571428571429
1008,2015-12-27,Los Angeles Lakers,Memphis Grizzlies,107.16666666666667,99.46666666666667
1011,2016-01-01,Los Angeles Lakers,Philadelphia 76ers,106.4,104.66666666666667
1012,2016-01-03,Los Angeles Lakers,Phoenix Suns,105.2,108.16666666666667
1014,2016-01-07,Los Angeles Lakers,Sacramento Kings,104.83333333333333,107.16666666666667
1015,2016-01-08,Los Angeles Lakers,Oklahoma City Thunder,105.4,98.86666666666666
1016,2016-01-10,Los Angeles Lakers,Utah Jazz,105.93333333333334,99.8
1017,2016-01-12,Los Angeles Lakers,New Orleans Pelicans,105.8,104.23333333333333
1019,2016-01-16,Los Angeles Lakers,Utah Jazz,105.86666666666666,98.6
1021,2016-01-20,Los Angeles Lakers,Sacramento Kings,106.26666666666667,108.16666666666667
1022,2016-01-22,Los Angeles Lakers,San Antonio Spurs,106.3,88.8
1023,2016-01-23,Los Angeles Lakers,Portland Trail Blazers,106.3,103.33333333333333
1028,2016-02-02,Los Angeles Lakers,Minnesota Timberwolves,106.56666666666666,104.56666666666666
1029,2016-02-04,Los Angeles Lakers,New Orleans Pelicans,107.0,102.93333333333334
1030,2016-02-06,Los Angeles Lakers,San Antonio Spurs,106.1,93.13333333333334
1033,2016-02-19,Los Angeles Lakers,San Antonio Spurs,105.6,94.7
1035,2016-02-22,Los Angeles Lakers,Milwaukee Bucks,106.26666666666667,103.96666666666667
1036,2016-02-24,Los Angeles Lakers,Memphis Grizzlies,106.3,97.36666666666666
1037,2016-02-26,Los Angeles Lakers,Memphis Grizzlies,106.56666666666666,98.16666666666667
1042,2016-03-08,Los Angeles Lakers,Orlando Magic,107.53333333333333,106.76666666666667
1044,2016-03-13,Los Angeles Lakers,New York Knicks,108.6,104.23333333333333
1045,2016-03-15,Los Angeles Lakers,Sacramento Kings,107.66666666666667,111.4
1046,2016-03-18,Los Angeles Lakers,Phoenix Suns,107.3,110.06666666666666
1047,2016-03-22,Los Angeles Lakers,Memphis Grizzlies,107.6,102.8
1048,2016-03-23,Los Angeles Lakers,Phoenix Suns,107.9,109.2
1050,2016-03-27,Los Angeles Lakers,Washington Wizards,108.23333333333333,105.26666666666667
1051,2016-03-28,Los Angeles Lakers,Utah Jazz,107.86666666666666,94.93333333333334
1052,2016-03-30,Los Angeles Lakers,Miami Heat,108.23333333333333,101.7
1057,2015-11-03,Memphis Grizzlies,Sacramento Kings,104.75,113.0
1058,2015-11-05,Memphis Grizzlies,Portland Trail Blazers,101.6,99.6
1059,2015-11-07,Memphis Grizzlies,Utah Jazz,103.83333333333333,86.2
1062,2015-11-13,Memphis Grizzlies,Portland Trail Blazers,100.66666666666667,103.88888888888889
1063,2015-11-15,Memphis Grizzlies,Minnesota Timberwolves,100.6,103.44444444444444
1064,2015-11-16,Memphis Grizzlies,Oklahoma City Thunder,101.0909090909091,104.1
1066,2015-11-21,Memphis Grizzlies,San Antonio Spurs,100.76923076923077,92.33333333333333
1070,2015-11-29,Memphis Grizzlies,Philadelphia 76ers,100.41176470588235,103.47058823529412
1071,2015-12-01,Memphis Grizzlies,New Orleans Pelicans,99.5,108.88235294117646
1072,2015-12-03,Memphis Grizzlies,San Antonio Spurs,99.73684210526316,88.78947368421052
1073,2015-12-06,Memphis Grizzlies,Phoenix Suns,99.9,105.95
1074,2015-12-08,Memphis Grizzlies,Oklahoma City Thunder,99.57142857142857,102.3
1077,2015-12-13,Memphis Grizzlies,Miami Heat,101.29166666666667,93.71428571428571
1078,2015-12-14,Memphis Grizzlies,Washington Wizards,101.24,105.31818181818181
1082,2015-12-22,Memphis Grizzlies,Philadelphia 76ers,100.17241379310344,104.41379310344827
1083,2015-12-23,Memphis Grizzlies,Washington Wizards,99.83333333333333,105.5
1086,2015-12-29,Memphis Grizzlies,Miami Heat,99.63333333333334,95.36666666666666
1087,2016-01-02,Memphis Grizzlies,Utah Jazz,98.66666666666667,97.43333333333334
1088,2016-01-04,Memphis Grizzlies,Portland Trail Blazers,98.76666666666667,103.0
1089,2016-01-06,Memphis Grizzlies,Oklahoma City Thunder,97.53333333333333,99.2
1094,2016-01-16,Memphis Grizzlies,New York Knicks,97.96666666666667,100.2
1095,2016-01-18,Memphis Grizzlies,New Orleans Pelicans,97.33333333333333,103.83333333333333
1097,2016-01-23,Memphis Grizzlies,Minnesota Timberwolves,98.13333333333334,103.16666666666667
1098,2016-01-25,Memphis Grizzlies,Orlando Magic,98.46666666666667,98.46666666666667
1099,2016-01-28,Memphis Grizzlies,Milwaukee Bucks,98.76666666666667,101.8
1100,2016-01-30,Memphis Grizzlies,Sacramento Kings,97.66666666666667,107.4
1101,2016-02-01,Memphis Grizzlies,New Orleans Pelicans,98.76666666666667,102.73333333333333
1102,2016-02-05,Memphis Grizzlies,New York Knicks,98.46666666666667,103.43333333333334
1104,2016-02-08,Memphis Grizzlies,Portland Trail Blazers,98.56666666666666,101.93333333333334
1106,2016-02-19,Memphis Grizzlies,Minnesota Timberwolves,98.06666666666666,104.26666666666667
1107,2016-02-21,Memphis Grizzlies,Toronto Raptors,97.43333333333334,98.46666666666667
1110,2016-02-27,Memphis Grizzlies,Phoenix Suns,98.06666666666666,109.8
1112,2016-03-02,Memphis Grizzlies,Sacramento Kings,98.93333333333334,111.96666666666667
1113,2016-03-04,Memphis Grizzlies,Utah Jazz,99.2,97.26666666666667
1114,2016-03-06,Memphis Grizzlies,Phoenix Suns,98.8,109.73333333333333
1117,2016-03-11,Memphis Grizzlies,New Orleans Pelicans,100.26666666666667,105.1
1120,2016-03-16,Memphis Grizzlies,Minnesota Timberwolves,102.16666666666667,108.86666666666666
1121,2016-03-17,Memphis Grizzlies,Milwaukee Bucks,103.16666666666667,102.36666666666666
1123,2016-03-21,Memphis Grizzlies,Phoenix Suns,102.93333333333334,109.63333333333334
1125,2016-03-25,Memphis Grizzlies,San Antonio Spurs,103.2,95.53333333333333
1126,2016-03-28,Memphis Grizzlies,San Antonio Spurs,103.56666666666666,96.96666666666667
1132,2015-11-05,Miami Heat,Minnesota Timberwolves,95.75,98.33333333333333
1134,2015-11-08,Miami Heat,Toronto Raptors,92.83333333333333,95.0
1136,2015-11-12,Miami Heat,Utah Jazz,90.125,89.71428571428571
1137,2015-11-17,Miami Heat,Minnesota Timberwolves,90.22222222222223,104.5
1138,2015-11-19,Miami Heat,Sacramento Kings,91.5,107.5
1139,2015-11-21,Miami Heat,Philadelphia 76ers,93.0909090909091,104.84615384615384
1140,2015-11-23,Miami Heat,New York Knicks,92.91666666666667,97.85714285714286
1142,2015-11-27,Miami Heat,New York Knicks,92.64285714285714,97.8125
1144,2015-12-03,Miami Heat,Oklahoma City Thunder,92.5,103.0
1146,2015-12-07,Miami Heat,Washington Wizards,92.16666666666667,104.83333333333333
1152,2015-12-18,Miami Heat,Toronto Raptors,93.79166666666667,96.29629629629629
1153,2015-12-20,Miami Heat,Portland Trail Blazers,94.36,102.10714285714286
1155,2015-12-25,Miami Heat,New Orleans Pelicans,94.85185185185185,107.53571428571429
1156,2015-12-26,Miami Heat,Orlando Magic,94.60714285714286,98.58620689655173
1160,2016-01-03,Miami Heat,Washington Wizards,94.86666666666666,104.53333333333333
1162,2016-01-06,Miami Heat,New York Knicks,94.46666666666667,99.33333333333333
1163,2016-01-08,Miami Heat,Phoenix Suns,94.93333333333334,107.2
1164,2016-01-09,Miami Heat,Utah Jazz,95.1,99.66666666666667
1168,2016-01-17,Miami Heat,Oklahoma City Thunder,96.76666666666667,98.7
1169,2016-01-19,Miami Heat,Milwaukee Bucks,96.43333333333334,102.5
1170,2016-01-20,Miami Heat,Washington Wizards,96.43333333333334,103.86666666666666
1171,2016-01-22,Miami Heat,Toronto Raptors,97.36666666666666,96.63333333333334
1174,2016-01-29,Miami Heat,Milwaukee Bucks,97.23333333333333,102.76666666666667
1180,2016-02-09,Miami Heat,San Antonio Spurs,97.4,93.03333333333333
1182,2016-02-20,Miami Heat,Washington Wizards,98.86666666666666,104.0
1186,2016-02-28,Miami Heat,New York Knicks,99.13333333333334,104.4
1188,2016-03-03,Miami Heat,Phoenix Suns,98.46666666666667,110.5
1189,2016-03-04,Miami Heat,Philadelphia 76ers,98.23333333333333,109.7
1190,2016-03-06,Miami Heat,Philadelphia 76ers,98.9,109.96666666666667
1191,2016-03-09,Miami Heat,Milwaukee Bucks,99.66666666666667,102.8
1193,2016-03-12,Miami Heat,Toronto Raptors,100.06666666666666,100.36666666666666
1197,2016-03-22,Miami Heat,New Orleans Pelicans,101.16666666666667,107.6
1198,2016-03-23,Miami Heat,San Antonio Spurs,101.3,95.76666666666667
1199,2016-03-25,Miami Heat,Orlando Magic,101.73333333333333,109.6
1202,2015-10-28,Milwaukee Bucks,New York Knicks,,
1203,2015-10-30,Milwaukee Bucks,Washington Wizards,122.0,87.0
1204,2015-11-01,Milwaukee Bucks,Toronto Raptors,120.0,101.0
1206,2015-11-04,Milwaukee Bucks,Philadelphia 76ers,110.5,106.0
1207,2015-11-06,Milwaukee Bucks,New York Knicks,105.8,101.8
1212,2015-11-17,Milwaukee Bucks,Washington Wizards,101.4,109.0
1216,2015-11-25,Milwaukee Bucks,Sacramento Kings,103.92857142857143,108.26666666666667
1217,2015-11-27,Milwaukee Bucks,Orlando Magic,105.6,101.26666666666667
1220,2015-12-02,Milwaukee Bucks,San Antonio Spurs,103.27777777777777,89.83333333333333
1222,2015-12-05,Milwaukee Bucks,New York Knicks,102.8,97.8
1223,2015-12-07,Milwaukee Bucks,Portland Trail Blazers,102.23809523809524,102.23809523809524
1225,2015-12-11,Milwaukee Bucks,Toronto Raptors,101.91304347826087,96.78260869565217
1230,2015-12-20,Milwaukee Bucks,Phoenix Suns,102.35714285714286,105.21428571428571
1231,2015-12-23,Milwaukee Bucks,Philadelphia 76ers,102.10344827586206,104.4
1232,2015-12-26,Milwaukee Bucks,Toronto Raptors,102.03333333333333,96.56666666666666
1234,2015-12-29,Milwaukee Bucks,Oklahoma City Thunder,101.16666666666667,99.43333333333334
1236,2016-01-02,Milwaukee Bucks,Minnesota Timberwolves,102.66666666666667,103.43333333333334
1237,2016-01-04,Milwaukee Bucks,San Antonio Spurs,102.6,88.46666666666667
1240,2016-01-10,Milwaukee Bucks,New York Knicks,104.53333333333333,98.86666666666666
1242,2016-01-13,Milwaukee Bucks,Washington Wizards,104.3,102.96666666666667
1247,2016-01-23,Milwaukee Bucks,New Orleans Pelicans,101.3,103.13333333333334
1248,2016-01-26,Milwaukee Bucks,Orlando Magic,101.36666666666666,98.83333333333333
1251,2016-02-01,Milwaukee Bucks,Sacramento Kings,103.16666666666667,108.06666666666666
1252,2016-02-02,Milwaukee Bucks,Portland Trail Blazers,103.46666666666667,102.6
1253,2016-02-05,Milwaukee Bucks,Utah Jazz,104.0,96.63333333333334
1255,2016-02-11,Milwaukee Bucks,Washington Wizards,103.93333333333334,105.86666666666666
1263,2016-03-04,Milwaukee Bucks,Minnesota Timberwolves,104.3,106.9
1264,2016-03-06,Milwaukee Bucks,Oklahoma City Thunder,104.23333333333333,106.4
1267,2016-03-12,Milwaukee Bucks,New Orleans Pelicans,103.56666666666666,105.8
1269,2016-03-15,Milwaukee Bucks,Toronto Raptors,101.96666666666667,100.5
1271,2016-03-20,Milwaukee Bucks,Utah Jazz,101.9,96.3
1276,2016-03-30,Milwaukee Bucks,Phoenix Suns,103.1,109.13333333333334
1279,2015-11-02,Minnesota Timberwolves,Portland Trail Blazers,94.5,101.66666666666667
1288,2015-11-18,Minnesota Timberwolves,Orlando Magic,103.27272727272727,101.18181818181819
1290,2015-11-23,Minnesota Timberwolves,Philadelphia 76ers,102.76923076923077,104.21428571428571
1292,2015-11-27,Minnesota Timberwolves,Sacramento Kings,101.73333333333333,108.875
1294,2015-12-01,Minnesota Timberwolves,Orlando Magic,101.41176470588235,100.0
1295,2015-12-05,Minnesota Timberwolves,Portland Trail Blazers,101.11111111111111,102.2
1299,2015-12-13,Minnesota Timberwolves,Phoenix Suns,103.27272727272727,105.20833333333333
1301,2015-12-16,Minnesota Timberwolves,New York Knicks,103.83333333333333,99.24
1302,2015-12-18,Minnesota Timberwolves,Sacramento Kings,103.96,107.72
1305,2015-12-23,Minnesota Timberwolves,San Antonio Spurs,103.28571428571429,88.96551724137932
1307,2015-12-28,Minnesota Timberwolves,San Antonio Spurs,103.4,88.33333333333333
1308,2015-12-30,Minnesota Timberwolves,Utah Jazz,103.06666666666666,97.41379310344827
1311,2016-01-04,Minnesota Timberwolves,Philadelphia 76ers,103.4,105.0
1315,2016-01-12,Minnesota Timberwolves,Oklahoma City Thunder,102.46666666666667,99.66666666666667
1317,2016-01-15,Minnesota Timberwolves,Oklahoma City Thunder,102.03333333333333,99.66666666666667
1318,2016-01-17,Minnesota Timberwolves,Phoenix Suns,102.76666666666667,108.9
1319,2016-01-19,Minnesota Timberwolves,New Orleans Pelicans,102.2,104.03333333333333
1323,2016-01-27,Minnesota Timberwolves,Oklahoma City Thunder,104.13333333333334,99.76666666666667
1324,2016-01-29,Minnesota Timberwolves,Utah Jazz,104.76666666666667,98.66666666666667
1325,2016-01-31,Minnesota Timberwolves,Portland Trail Blazers,105.0,103.33333333333333
1329,2016-02-08,Minnesota Timberwolves,New Orleans Pelicans,104.0,102.33333333333333
1330,2016-02-10,Minnesota Timberwolves,Toronto Raptors,104.26666666666667,96.93333333333334
1332,2016-02-20,Minnesota Timberwolves,New York Knicks,104.33333333333333,103.26666666666667
1334,2016-02-24,Minnesota Timberwolves,Toronto Raptors,105.83333333333333,99.16666666666667
1335,2016-02-27,Minnesota Timberwolves,New Orleans Pelicans,105.86666666666666,103.16666666666667
1337,2016-03-02,Minnesota Timberwolves,Washington Wizards,106.8,104.13333333333334
1341,2016-03-08,Minnesota Timberwolves,San Antonio Spurs,108.63333333333334,96.13333333333334
1342,2016-03-11,Minnesota Timberwolves,Oklahoma City Thunder,108.86666666666666,106.66666666666667
1343,2016-03-14,Minnesota Timberwolves,Phoenix Suns,109.46666666666667,109.8
1347,2016-03-23,Minnesota Timberwolves,Sacramento Kings,109.93333333333334,110.36666666666666
1348,2016-03-25,Minnesota Timberwolves,Washington Wizards,109.63333333333334,104.73333333333333
1349,2016-03-26,Minnesota Timberwolves,Utah Jazz,111.03333333333333,95.0
1350,2016-03-28,Minnesota Timberwolves,Phoenix Suns,110.33333333333333,109.0
1353,2015-10-28,New Orleans Pelicans,Portland Trail Blazers,111.0,
1355,2015-11-03,New Orleans Pelicans,Orlando Magic,119.0,106.33333333333333
1360,2015-11-13,New Orleans Pelicans,Toronto Raptors,112.375,97.77777777777777
1361,2015-11-15,New Orleans Pelicans,New York Knicks,111.0,99.7
1363,2015-11-18,New Orleans Pelicans,Oklahoma City Thunder,109.9090909090909,105.72727272727273
1364,2015-11-20,New Orleans Pelicans,San Antonio Spurs,109.91666666666667,91.27272727272727
1365,2015-11-22,New Orleans Pelicans,Phoenix Suns,108.38461538461539,101.0
1366,2015-11-25,New Orleans Pelicans,Phoenix Suns,108.92857142857143,102.28571428571429
1368,2015-11-28,New Orleans Pelicans,Utah Jazz,109.375,93.64285714285714
1373,2015-12-11,New Orleans Pelicans,Washington Wizards,109.0952380952381,104.95
1375,2015-12-14,New Orleans Pelicans,Portland Trail Blazers,108.43478260869566,102.0
1376,2015-12-16,New Orleans Pelicans,Utah Jazz,108.29166666666667,97.43478260869566
1377,2015-12-18,New Orleans Pelicans,Phoenix Suns,107.72,105.85185185185185
1379,2015-12-23,New Orleans Pelicans,Portland Trail Blazers,108.22222222222223,102.7
1382,2015-12-28,New Orleans Pelicans,Orlando Magic,107.1,98.9
1389,2016-01-13,New Orleans Pelicans,Sacramento Kings,103.9,107.96666666666667
1396,2016-01-28,New Orleans Pelicans,Sacramento Kings,103.3,107.53333333333333
1399,2016-02-03,New Orleans Pelicans,San Antonio Spurs,103.03333333333333,92.0
1403,2016-02-10,New Orleans Pelicans,Utah Jazz,102.03333333333333,96.5
1404,2016-02-11,New Orleans Pelicans,Oklahoma City Thunder,101.73333333333333,102.93333333333334
1405,2016-02-19,New Orleans Pelicans,Philadelphia 76ers,102.5,107.16666666666667
1407,2016-02-23,New Orleans Pelicans,Washington Wizards,103.2,104.0
1408,2016-02-25,New Orleans Pelicans,Oklahoma City Thunder,103.36666666666666,104.4
1411,2016-03-03,New Orleans Pelicans,San Antonio Spurs,104.13333333333334,95.8
1412,2016-03-05,New Orleans Pelicans,Utah Jazz,103.66666666666667,97.2
1413,2016-03-07,New Orleans Pelicans,Sacramento Kings,103.73333333333333,111.4
1418,2016-03-16,New Orleans Pelicans,Sacramento Kings,106.56666666666666,110.83333333333333
1419,2016-03-18,New Orleans Pelicans,Portland Trail Blazers,107.0,104.53333333333333
1423,2016-03-26,New Orleans Pelicans,Toronto Raptors,107.76666666666667,100.33333333333333
1424,2016-03-28,New Orleans Pelicans,New York Knicks,108.3,103.03333333333333
1425,2016-03-30,New Orleans Pelicans,San Antonio Spurs,108.03333333333333,96.7
1429,2015-10-31,New York Knicks,Washington Wizards,104.5,100.0
1430,2015-11-02,New York Knicks,San Antonio Spurs,106.33333333333333,91.33333333333333
1434,2015-11-10,New York Knicks,Toronto Raptors,100.42857142857143,95.14285714285714
1439,2015-11-20,New York Knicks,Oklahoma City Thunder,98.16666666666667,105.5
1442,2015-11-25,New York Knicks,Orlando Magic,97.66666666666667,102.0
1445,2015-12-02,New York Knicks,Philadelphia 76ers,98.77777777777777,102.21052631578948
1449,2015-12-09,New York Knicks,Utah Jazz,98.45454545454545,96.84210526315789
1450,2015-12-10,New York Knicks,Sacramento Kings,98.78260869565217,108.65217391304348
1451,2015-12-12,New York Knicks,Portland Trail Blazers,98.79166666666667,101.58333333333333
1453,2015-12-18,New York Knicks,Philadelphia 76ers,99.34615384615384,104.18518518518519
1455,2015-12-21,New York Knicks,Orlando Magic,98.96428571428571,98.48148148148148
1464,2016-01-08,New York Knicks,San Antonio Spurs,99.16666666666667,88.93333333333334
1469,2016-01-18,New York Knicks,Philadelphia 76ers,100.5,105.13333333333334
1470,2016-01-20,New York Knicks,Utah Jazz,101.26666666666667,99.3
1473,2016-01-26,New York Knicks,Oklahoma City Thunder,102.16666666666667,98.6
1474,2016-01-28,New York Knicks,Toronto Raptors,103.2,96.63333333333334
1475,2016-01-29,New York Knicks,Phoenix Suns,102.76666666666667,107.9
1481,2016-02-09,New York Knicks,Washington Wizards,103.0,105.9
1484,2016-02-22,New York Knicks,Toronto Raptors,103.2,98.53333333333333
1486,2016-02-26,New York Knicks,Orlando Magic,104.26666666666667,104.7
1488,2016-03-01,New York Knicks,Portland Trail Blazers,103.76666666666667,101.96666666666667
1492,2016-03-09,New York Knicks,Phoenix Suns,104.0,109.7
1496,2016-03-19,New York Knicks,Washington Wizards,104.9,104.76666666666667
1497,2016-03-20,New York Knicks,Sacramento Kings,104.4,110.86666666666666
1503,2015-10-28,Oklahoma City Thunder,San Antonio Spurs,,
1504,2015-10-30,Oklahoma City Thunder,Orlando Magic,106.0,88.0
1507,2015-11-04,Oklahoma City Thunder,Toronto Raptors,111.25,95.0
1509,2015-11-08,Oklahoma City Thunder,Phoenix Suns,108.66666666666667,98.66666666666667
1510,2015-11-10,Oklahoma City Thunder,Washington Wizards,107.85714285714286,108.0
1511,2015-11-13,Oklahoma City Thunder,Philadelphia 76ers,107.0,106.5
1517,2015-11-23,Oklahoma City Thunder,Utah Jazz,105.21428571428571,92.41666666666667
1522,2015-12-06,Oklahoma City Thunder,Sacramento Kings,102.6842105263158,109.28571428571429
1525,2015-12-11,Oklahoma City Thunder,Utah Jazz,101.27272727272727,96.25
1526,2015-12-13,Oklahoma City Thunder,Utah Jazz,100.78260869565217,96.14285714285714
1527,2015-12-16,Oklahoma City Thunder,Portland Trail Blazers,100.66666666666667,101.96153846153847
1535,2015-12-31,Oklahoma City Thunder,Phoenix Suns,99.0,106.33333333333333
1537,2016-01-04,Oklahoma City Thunder,Sacramento Kings,98.76666666666667,107.16666666666667
1540,2016-01-10,Oklahoma City Thunder,Portland Trail Blazers,99.2,102.56666666666666
1552,2016-02-01,Oklahoma City Thunder,Washington Wizards,100.7,105.33333333333333
1553,2016-02-03,Oklahoma City Thunder,Orlando Magic,100.8,100.56666666666666
1555,2016-02-08,Oklahoma City Thunder,Phoenix Suns,102.4,107.23333333333333
1562,2016-02-29,Oklahoma City Thunder,Sacramento Kings,106.4,111.36666666666666
1568,2016-03-12,Oklahoma City Thunder,San Antonio Spurs,106.1,96.46666666666667
1569,2016-03-14,Oklahoma City Thunder,Portland Trail Blazers,106.06666666666666,104.23333333333333
1571,2016-03-18,Oklahoma City Thunder,Philadelphia 76ers,105.23333333333333,110.53333333333333
1574,2016-03-24,Oklahoma City Thunder,Utah Jazz,106.46666666666667,95.16666666666667
1575,2016-03-26,Oklahoma City Thunder,San Antonio Spurs,107.03333333333333,96.23333333333333
1576,2016-03-28,Oklahoma City Thunder,Toronto Raptors,106.63333333333334,99.73333333333333
1579,2015-10-28,Orlando Magic,Washington Wizards,,
1584,2015-11-06,Orlando Magic,Toronto Raptors,106.4,95.6
1585,2015-11-07,Orlando Magic,Philadelphia 76ers,103.16666666666667,103.4
1588,2015-11-13,Orlando Magic,Utah Jazz,101.33333333333333,90.0
1589,2015-11-14,Orlando Magic,Washington Wizards,100.5,110.42857142857143
1591,2015-11-21,Orlando Magic,Sacramento Kings,101.16666666666667,108.15384615384616
1597,2015-12-03,Orlando Magic,Utah Jazz,99.61111111111111,94.0
1600,2015-12-09,Orlando Magic,Phoenix Suns,98.28571428571429,105.22727272727273
1604,2015-12-18,Orlando Magic,Portland Trail Blazers,98.48,102.11111111111111
1611,2016-01-01,Orlando Magic,Washington Wizards,97.4,104.4
1616,2016-01-09,Orlando Magic,Washington Wizards,97.56666666666666,104.06666666666666
1617,2016-01-14,Orlando Magic,Toronto Raptors,97.83333333333333,96.33333333333333
1619,2016-01-20,Orlando Magic,Philadelphia 76ers,98.23333333333333,105.33333333333333
1625,2016-02-01,Orlando Magic,San Antonio Spurs,100.03333333333333,92.0
1630,2016-02-10,Orlando Magic,San Antonio Spurs,102.7,94.13333333333334
1633,2016-02-23,Orlando Magic,Philadelphia 76ers,102.93333333333334,108.73333333333333
1636,2016-02-28,Orlando Magic,Philadelphia 76ers,104.86666666666666,108.36666666666666
1639,2016-03-04,Orlando Magic,Phoenix Suns,105.46666666666667,110.63333333333334
1642,2016-03-11,Orlando Magic,Sacramento Kings,106.9,111.6
1643,2016-03-12,Orlando Magic,Portland Trail Blazers,106.76666666666667,104.46666666666667
1647,2016-03-20,Orlando Magic,Toronto Raptors,108.6,100.16666666666667
1655,2015-10-30,Philadelphia 76ers,Utah Jazz,112.0,92.0
1661,2015-11-11,Philadelphia 76ers,Toronto Raptors,104.71428571428571,97.125
1663,2015-11-14,Philadelphia 76ers,San Antonio Spurs,106.0,92.875
1675,2015-12-07,Philadelphia 76ers,San Antonio Spurs,102.33333333333333,89.28571428571429
1678,2015-12-13,Philadelphia 76ers,Toronto Raptors,103.125,96.20833333333333
1685,2015-12-26,Philadelphia 76ers,Phoenix Suns,104.43333333333334,105.0
1686,2015-12-28,Philadelphia 76ers,Utah Jazz,104.6,97.64285714285714
1687,2015-12-30,Philadelphia 76ers,Sacramento Kings,104.2,107.13333333333334
1692,2016-01-09,Philadelphia 76ers,Toronto Raptors,104.83333333333333,96.6
1695,2016-01-16,Philadelphia 76ers,Portland Trail Blazers,105.9,102.53333333333333
1699,2016-01-26,Philadelphia 76ers,Phoenix Suns,105.43333333333334,108.2
1703,2016-02-05,Philadelphia 76ers,Washington Wizards,107.5,106.46666666666667
1706,2016-02-10,Philadelphia 76ers,Sacramento Kings,106.7,109.3
1711,2016-02-26,Philadelphia 76ers,Washington Wizards,108.5,103.93333333333334
1713,2016-02-29,Philadelphia 76ers,Washington Wizards,109.1,104.13333333333334
1721,2016-03-17,Philadelphia 76ers,Washington Wizards,111.43333333333334,105.1
1726,2016-03-26,Philadelphia 76ers,Portland Trail Blazers,111.16666666666667,105.53333333333333
1730,2015-10-30,Phoenix Suns,Portland Trail Blazers,111.0,94.0
1731,2015-10-31,Phoenix Suns,Portland Trail Blazers,101.5,102.0
1733,2015-11-04,Phoenix Suns,Sacramento Kings,98.75,110.5
1742,2015-11-23,Phoenix Suns,San Antonio Spurs,102.61538461538461,91.53846153846153
1745,2015-11-29,Phoenix Suns,Toronto Raptors,105.4375,95.76470588235294
1748,2015-12-04,Phoenix Suns,Washington Wizards,105.78947368421052,104.0625
1752,2015-12-11,Phoenix Suns,Portland Trail Blazers,105.17391304347827,101.82608695652173
1758,2015-12-21,Phoenix Suns,Utah Jazz,105.06896551724138,97.32
1762,2015-12-30,Phoenix Suns,San Antonio Spurs,106.0,88.6
1764,2016-01-02,Phoenix Suns,Sacramento Kings,106.76666666666667,107.0
1772,2016-01-21,Phoenix Suns,San Antonio Spurs,108.4,88.56666666666666
1778,2016-02-02,Phoenix Suns,Toronto Raptors,106.96666666666667,97.43333333333334
1780,2016-02-06,Phoenix Suns,Utah Jazz,107.33333333333333,95.53333333333333
1784,2016-02-21,Phoenix Suns,San Antonio Spurs,108.53333333333333,95.86666666666666
1796,2016-03-17,Phoenix Suns,Utah Jazz,110.03333333333333,97.66666666666667
1800,2016-03-25,Phoenix Suns,Sacramento Kings,108.86666666666666,111.03333333333333
1808,2015-11-04,Portland Trail Blazers,Utah Jazz,101.5,79.66666666666667
1812,2015-11-11,Portland Trail Blazers,San Antonio Spurs,102.75,91.71428571428571
1815,2015-11-16,Portland Trail Blazers,San Antonio Spurs,103.81818181818181,91.77777777777777
1836,2015-12-27,Portland Trail Blazers,Sacramento Kings,102.26666666666667,107.06896551724138
1838,2015-12-31,Portland Trail Blazers,Utah Jazz,102.1,97.3
1844,2016-01-13,Portland Trail Blazers,Utah Jazz,102.86666666666666,98.33333333333333
1847,2016-01-18,Portland Trail Blazers,Washington Wizards,102.73333333333333,103.43333333333334
1850,2016-01-26,Portland Trail Blazers,Sacramento Kings,103.66666666666667,108.03333333333333
1854,2016-02-04,Portland Trail Blazers,Toronto Raptors,102.06666666666666,97.8
1859,2016-02-21,Portland Trail Blazers,Utah Jazz,101.96666666666667,95.5
1866,2016-03-04,Portland Trail Blazers,Toronto Raptors,102.3,99.06666666666666
1868,2016-03-08,Portland Trail Blazers,Washington Wizards,103.73333333333333,104.93333333333334
1872,2016-03-17,Portland Trail Blazers,San Antonio Spurs,104.86666666666666,95.66666666666667
1878,2016-03-28,Portland Trail Blazers,Sacramento Kings,105.76666666666667,111.7
1887,2015-11-09,Sacramento Kings,San Antonio Spurs,111.28571428571429,92.33333333333333
1890,2015-11-15,Sacramento Kings,Toronto Raptors,108.6,96.1
1902,2015-12-08,Sacramento Kings,Utah Jazz,108.77272727272727,95.88888888888889
1906,2015-12-20,Sacramento Kings,Toronto Raptors,107.38461538461539,96.21428571428571
1907,2015-12-21,Sacramento Kings,Washington Wizards,106.88888888888889,105.76
1918,2016-01-14,Sacramento Kings,Utah Jazz,108.06666666666666,98.56666666666666
1935,2016-02-24,Sacramento Kings,San Antonio Spurs,110.3,96.86666666666666
1940,2016-03-05,Sacramento Kings,San Antonio Spurs,112.0,95.73333333333333
1944,2016-03-13,Sacramento Kings,Utah Jazz,111.7,96.76666666666667
1954,2016-03-30,Sacramento Kings,Washington Wizards,110.9,104.16666666666667
1959,2015-11-04,San Antonio Spurs,Washington Wizards,89.5,105.66666666666667
1977,2015-12-09,San Antonio Spurs,Toronto Raptors,88.31818181818181,96.9090909090909
1980,2015-12-14,San Antonio Spurs,Utah Jazz,88.2,96.5
1981,2015-12-16,San Antonio Spurs,Washington Wizards,87.92307692307692,105.6086956521739
1991,2016-01-06,San Antonio Spurs,Utah Jazz,88.6,98.53333333333333
2012,2016-02-25,San Antonio Spurs,Utah Jazz,96.76666666666667,97.23333333333333
2042,2015-11-18,Toronto Raptors,Utah Jazz,98.58333333333333,91.8
2046,2015-11-28,Toronto Raptors,Washington Wizards,96.625,106.76923076923077
2062,2015-12-30,Toronto Raptors,Washington Wizards,96.3,104.75862068965517
2067,2016-01-08,Toronto Raptors,Washington Wizards,97.36666666666666,104.13333333333334
2074,2016-01-26,Toronto Raptors,Washington Wizards,96.33333333333333,103.16666666666667
2088,2016-03-02,Toronto Raptors,Utah Jazz,99.4,96.93333333333334
2156,2016-02-18,Utah Jazz,Washington Wizards,96.36666666666666,105.6
2168,2016-03-11,Utah Jazz,Washington Wizards,97.1,104.76666666666667
